RESPID,PHTYPE,top_household_concern,registered_vote,likely_to_vote,approve_trump,approve_biden,optimistic,elec_enthusiasm,party,party_unaffiliated,political_leaning,education,age,age_bin,latino,race,gender,state,FINALWGT,vote_choice_recoded,party_recoded,age_recoded,race_recoded,male,education_recoded,region,propensity
2,2,20.0,True,2.0,False,False,False,3.0,3,2.0,1,8,32,,False,1,1,1,0.472227813,0,3.0,1,1,True,3,3,0.4589593559582667
6,1,1.0,True,1.0,False,True,True,3.0,3,2.0,1,5,80,,False,9,1,36,1.056400742,0,3.0,3,9,True,3,1,0.55438178108617
11,2,13.0,True,1.0,False,True,False,1.0,2,,1,7,63,,False,1,1,9,0.520190971675,0,2.0,3,1,True,3,1,0.4940945771976026
12,2,20.0,True,1.0,False,False,True,2.0,3,2.0,1,7,47,,False,1,1,25,0.48258571,0,3.0,2,1,True,3,1,0.5017550319222035
13,2,1.0,True,1.0,True,False,True,1.0,1,,4,6,67,,False,1,1,37,0.746675369160003,1,1.0,3,1,True,3,3,0.4940945771976026
14,2,20.0,True,1.0,True,False,True,3.0,1,,3,5,43,,False,1,2,28,0.879224580219998,1,1.0,2,1,False,3,3,0.4092546370180767
22,2,20.0,True,1.0,False,False,True,1.0,2,,3,5,58,,False,5,2,17,2.6736756328,0,2.0,3,9,False,3,2,0.4791533282102547
23,1,20.0,True,1.0,False,True,True,3.0,3,2.0,3,4,73,,False,1,1,36,1.239014091,0,3.0,3,1,True,3,1,0.4940945771976026
25,2,10.0,True,1.0,True,False,True,3.0,1,,3,7,41,,False,1,2,13,0.45759572474,1,1.0,2,1,False,3,3,0.4092546370180767
26,1,13.0,True,1.0,False,False,False,3.0,2,,1,6,20,,False,1,2,36,1.75138062562501,0,2.0,1,1,False,3,1,0.3689259300784175
27,2,13.0,True,1.0,False,False,False,3.0,3,2.0,1,6,20,,False,3,2,34,4.0,0,3.0,1,3,False,3,1,0.2102156445868293
28,2,20.0,True,1.0,True,False,True,1.0,1,,2,7,66,,False,1,1,12,0.41255389378,1,1.0,3,1,True,3,3,0.4940945771976026
31,1,20.0,True,1.0,False,False,True,3.0,4,3.0,3,5,76,,False,1,2,26,0.922475632,0,3.0,3,1,False,3,2,0.4017733184599421
32,2,20.0,True,1.0,False,False,True,1.0,3,2.0,1,8,75,,False,1,1,42,0.507503387,0,3.0,3,1,True,3,1,0.4940945771976026
35,2,3.0,True,1.0,False,False,True,3.0,3,2.0,3,7,67,,False,2,1,17,0.424944789,0,3.0,3,2,True,3,2,0.1107553113143782
36,2,28.0,True,1.0,True,False,True,1.0,1,,3,3,43,,False,1,1,45,1.38633449332,1,1.0,2,1,True,1,3,0.6490764245733576
37,1,20.0,True,1.0,False,False,False,2.0,3,1.0,3,5,69,,True,1,1,39,1.535639869,1,3.0,3,4,True,3,2,0.4295447375457845
40,2,13.0,True,1.0,True,False,True,1.0,3,1.0,4,7,64,,False,1,1,25,0.507503387,1,3.0,3,1,True,3,1,0.4940945771976026
44,1,28.0,True,1.0,False,False,True,3.0,4,3.0,3,7,65,,False,9,1,26,0.502546937,1,3.0,3,9,True,3,2,0.55438178108617
45,1,20.0,True,1.0,False,False,True,3.0,3,2.0,3,6,84,,False,1,2,13,0.888733406,0,3.0,3,1,False,3,3,0.4017733184599421
48,2,20.0,True,1.0,False,True,True,1.0,2,,1,8,63,,False,2,2,47,0.4894842605,0,2.0,3,2,False,3,3,0.0768634545783466
51,2,20.0,True,1.0,True,False,True,1.0,1,,4,7,60,,False,1,1,36,0.49735331926,1,1.0,3,1,True,3,1,0.4940945771976026
53,2,13.0,True,1.0,True,False,False,3.0,3,1.0,3,3,54,,False,2,1,51,1.375740268,1,3.0,2,2,True,1,3,0.2045194900649204
56,2,20.0,True,1.0,False,False,True,2.0,1,,3,8,32,,False,1,1,12,0.46278325674,0,1.0,1,1,True,3,3,0.4589593559582667
57,2,29.0,True,1.0,True,False,True,3.0,1,,4,3,64,,False,1,1,18,1.04544547702,1,1.0,3,1,True,1,2,0.6383140764053872
60,1,20.0,True,1.0,False,False,True,3.0,1,,2,3,73,,False,1,2,23,1.41634181304,1,1.0,3,1,False,1,1,0.5489726726016116
61,2,30.0,True,4.0,False,False,True,3.0,3,1.0,2,3,62,,False,1,1,45,1.027760482,0,3.0,3,1,True,1,3,0.6383140764053872
62,1,20.0,True,1.0,False,False,True,3.0,1,,4,8,95,,False,1,2,12,0.48122307688,1,1.0,3,1,False,3,3,0.4017733184599421
63,1,20.0,True,1.0,False,False,True,3.0,1,,4,3,69,,False,1,1,18,1.04544547702,1,1.0,3,1,True,1,2,0.6383140764053872
64,2,20.0,True,1.0,True,False,True,1.0,1,,4,5,52,,True,1,1,12,1.46364009302,1,1.0,2,4,True,3,3,0.4368002123547066
67,2,9.0,True,4.0,False,False,False,2.0,3,1.0,3,8,42,,False,1,1,42,0.48258571,1,3.0,2,1,True,3,1,0.5017550319222035
68,2,20.0,True,1.0,False,False,True,3.0,2,,1,8,54,,False,1,1,36,0.49465035275,0,2.0,2,1,True,3,1,0.5017550319222035
70,2,20.0,True,1.0,False,False,False,3.0,1,,2,8,60,,False,2,1,36,0.48368154506,0,1.0,3,2,True,3,1,0.1107553113143782
71,1,29.0,True,1.0,False,False,False,3.0,2,,1,6,56,,False,1,1,13,0.780961483049998,0,2.0,3,1,True,3,3,0.4940945771976026
72,1,28.0,True,1.0,True,False,True,3.0,4,1.0,4,5,70,,False,1,1,47,0.761913642,1,1.0,3,1,True,3,3,0.4940945771976026
76,2,30.0,True,1.0,False,False,True,3.0,1,,2,3,60,,False,1,1,21,1.00720527236,1,1.0,3,1,True,1,3,0.6383140764053872
78,2,1.0,True,1.0,False,False,True,3.0,2,,4,3,62,,False,2,1,34,1.235078627975,0,2.0,3,2,True,1,1,0.1962305673010076
84,1,14.0,True,1.0,True,False,False,3.0,3,1.0,3,3,78,,False,1,1,55,1.066781099,1,3.0,3,1,True,1,2,0.6383140764053872
87,2,5.0,True,1.0,False,False,False,1.0,2,,1,5,28,,False,2,1,51,1.211225348675,0,2.0,1,2,True,3,3,0.0983132717059409
91,1,20.0,True,1.0,False,False,True,3.0,2,,3,3,73,,False,1,1,26,1.093450626475,0,2.0,3,1,True,1,2,0.6383140764053872
93,1,20.0,True,1.0,True,False,True,1.0,1,,4,3,68,,False,1,2,12,1.17485358424,1,1.0,3,1,False,1,3,0.5489726726016116
96,2,20.0,True,1.0,False,True,True,3.0,2,,3,8,69,,False,2,1,13,0.419636228975,0,2.0,3,2,True,3,3,0.1107553113143782
101,2,20.0,True,1.0,False,True,True,1.0,2,,1,7,38,,False,1,2,12,0.478607773325,0,2.0,2,1,False,3,3,0.4092546370180767
107,2,13.0,True,1.0,False,True,True,3.0,2,,3,8,56,,True,1,2,12,0.977337285775,1,2.0,3,4,False,3,3,0.3483251919970561
111,2,10.0,True,1.0,False,False,True,3.0,3,1.0,2,5,99,2.0,False,9,2,34,1.243932152,1,3.0,3,9,False,3,1,0.4791533282102547
112,2,1.0,True,1.0,False,True,True,3.0,2,,1,7,62,,False,2,2,17,0.508068335625,0,2.0,3,2,False,3,2,0.0768634545783466
115,1,1.0,True,1.0,False,False,True,1.0,3,2.0,3,5,71,,False,1,2,26,0.922475632,0,3.0,3,1,False,3,2,0.4017733184599421
117,2,30.0,True,1.0,False,False,True,3.0,2,,1,7,32,,False,2,2,13,0.549080067775,0,2.0,1,2,False,3,3,0.0680827394291932
118,2,9.0,True,1.0,True,False,True,1.0,1,,4,5,65,,False,1,2,26,0.90402611936,1,1.0,3,1,False,3,2,0.4017733184599421
120,2,4.0,True,2.0,False,False,True,3.0,2,,1,7,18,,False,2,2,11,0.661942108475001,0,2.0,1,2,False,3,3,0.0680827394291932
121,1,20.0,True,1.0,False,False,True,1.0,3,2.0,3,7,64,,False,1,2,42,0.591976819,0,3.0,3,1,False,3,1,0.4017733184599421
123,2,20.0,True,1.0,False,False,True,1.0,2,,1,7,53,,False,1,1,37,0.41031178655,0,2.0,2,1,True,3,3,0.5017550319222035
128,1,20.0,True,1.0,False,False,True,2.0,1,,3,7,57,,False,1,1,47,0.41255389378,0,1.0,3,1,True,3,3,0.4940945771976026
133,1,20.0,True,2.0,False,True,False,3.0,2,,2,2,77,,False,2,1,12,1.02449602185,0,2.0,3,2,True,1,3,0.1962305673010076
134,2,20.0,True,1.0,False,False,False,3.0,1,,2,8,45,,False,1,2,24,0.55165338662,1,1.0,2,1,False,3,3,0.4092546370180767
135,1,30.0,True,1.0,True,False,True,3.0,4,1.0,4,3,56,,False,3,1,36,3.503532863,1,1.0,3,3,True,1,1,0.4227961695725633
136,1,20.0,True,1.0,False,False,True,1.0,1,,2,3,45,,False,1,1,51,1.38633449332,1,1.0,2,1,True,1,3,0.6490764245733576
141,2,9.0,True,1.0,False,False,True,3.0,1,,3,8,47,,False,1,2,13,0.45759572474,1,1.0,2,1,False,3,3,0.4092546370180767
144,2,20.0,True,1.0,False,False,True,1.0,3,3.0,3,8,51,,False,1,1,12,0.400304182,0,3.0,2,1,True,3,3,0.5017550319222035
146,1,20.0,True,1.0,False,False,False,3.0,2,,1,8,54,,False,1,2,36,0.576984409475001,0,2.0,2,1,False,3,1,0.4092546370180767
147,1,20.0,True,1.0,False,True,False,1.0,2,,3,7,48,,False,1,2,12,0.478607773325,0,2.0,2,1,False,3,3,0.4092546370180767
148,1,13.0,True,1.0,False,False,False,1.0,3,3.0,3,7,28,,False,1,1,51,0.472227813,0,3.0,1,1,True,3,3,0.4589593559582667
149,2,1.0,True,1.0,False,False,True,3.0,3,1.0,3,8,65,,False,1,1,42,0.507503387,1,3.0,3,1,True,3,1,0.4940945771976026
150,2,20.0,True,1.0,False,False,False,2.0,3,1.0,2,7,59,,False,1,2,26,0.509687248,1,3.0,3,1,False,3,2,0.4017733184599421
151,2,9.0,True,1.0,True,False,True,1.0,1,,3,6,64,,False,1,2,17,0.90402611936,1,1.0,3,1,False,3,2,0.4017733184599421
152,2,20.0,True,1.0,False,True,True,1.0,2,,3,5,52,,False,9,2,26,1.097790898775,0,2.0,2,9,False,3,2,0.4864516248744941
157,1,13.0,True,1.0,False,False,False,2.0,3,1.0,3,7,67,,False,1,1,34,0.507503387,0,3.0,3,1,True,3,1,0.4940945771976026
162,2,20.0,True,1.0,False,False,True,2.0,4,1.0,3,8,52,,False,1,1,1,0.400304182,1,1.0,2,1,True,3,3,0.5017550319222035
163,2,13.0,True,1.0,False,False,True,3.0,4,1.0,4,3,20,,False,1,1,36,2.430553418,1,1.0,1,1,True,1,1,0.6232752821548939
168,1,20.0,True,1.0,False,True,True,3.0,2,,3,3,68,,False,2,2,47,1.19502236085,0,2.0,3,2,False,1,3,0.141918767178789
171,2,9.0,True,1.0,True,False,True,3.0,1,,4,6,65,,False,1,2,47,0.870958737879998,1,1.0,3,1,False,3,3,0.4017733184599421
172,2,1.0,True,1.0,True,False,True,2.0,3,1.0,3,6,65,,False,1,2,13,0.888733406,1,3.0,3,1,False,3,3,0.4017733184599421
173,2,20.0,True,1.0,False,False,False,3.0,3,2.0,1,7,40,,False,1,1,51,0.400304182,0,3.0,2,1,True,3,3,0.5017550319222035
174,2,20.0,True,2.0,False,False,True,2.0,2,,3,5,50,,False,2,2,12,0.894318276899998,0,2.0,2,2,False,3,3,0.0790572171433126
177,1,9.0,True,1.0,False,True,True,3.0,2,,1,8,78,,False,1,2,50,0.606776239475001,0,2.0,3,1,False,3,1,0.4017733184599421
178,2,20.0,True,1.0,True,False,True,1.0,1,,4,5,72,,True,4,2,12,1.69121106938,1,1.0,3,4,False,3,3,0.3483251919970561
180,1,30.0,True,1.0,False,True,True,3.0,2,,3,8,61,,False,1,1,39,0.447880214675,0,2.0,3,1,True,3,2,0.4940945771976026
184,1,20.0,True,2.0,False,False,True,3.0,2,,3,7,34,,False,3,2,36,1.924666393775,0,2.0,1,3,False,3,1,0.2102156445868293
193,1,20.0,True,1.0,False,False,True,1.0,3,2.0,3,7,52,,False,1,1,18,0.415502388,0,3.0,2,1,True,3,2,0.5017550319222035
194,2,20.0,True,1.0,True,True,False,1.0,3,3.0,1,8,99,2.0,False,1,2,9,0.562911619,0,3.0,3,1,False,3,1,0.4017733184599421
195,1,20.0,True,1.0,True,False,True,1.0,1,,3,3,96,,False,1,2,39,1.21945883206,1,1.0,3,1,False,1,2,0.5489726726016116
199,2,20.0,True,1.0,False,False,False,3.0,3,2.0,3,8,40,,False,2,2,36,0.547437708,0,3.0,2,2,False,3,1,0.0790572171433126
200,2,1.0,True,1.0,False,True,True,1.0,2,,4,3,69,,False,2,2,24,1.44065623085,0,2.0,3,2,False,1,3,0.141918767178789
201,2,13.0,True,1.0,False,True,True,3.0,2,,1,8,71,,False,1,2,9,0.606776239475001,0,2.0,3,1,False,3,1,0.4017733184599421
202,2,30.0,True,1.0,True,False,True,1.0,1,,4,3,54,,False,1,2,42,1.94947699618,1,1.0,2,1,False,1,1,0.5607102200935249
203,2,15.0,True,1.0,False,False,True,3.0,1,,2,8,43,,True,1,2,36,1.07119002606,1,1.0,2,4,False,3,1,0.3549324737949213
204,1,14.0,True,1.0,True,False,True,1.0,1,,4,5,66,,False,1,2,13,0.870958737879998,1,1.0,3,1,False,3,3,0.4017733184599421
206,1,20.0,True,2.0,False,True,False,3.0,3,3.0,1,6,89,,False,1,2,55,0.922475632,0,3.0,3,1,False,3,2,0.4017733184599421
208,1,3.0,True,1.0,False,True,True,1.0,2,,1,4,64,,False,1,2,55,1.275454390675,0,2.0,3,1,False,3,2,0.4017733184599421
211,1,29.0,True,1.0,False,False,True,1.0,9,1.0,2,3,87,,False,1,2,42,1.445246748,1,1.0,3,1,False,1,1,0.5489726726016116
212,2,30.0,True,1.0,False,False,True,1.0,3,2.0,3,5,69,,False,2,2,55,0.897117644,0,3.0,3,2,False,3,2,0.0768634545783466
214,1,3.0,True,1.0,False,False,True,3.0,3,2.0,3,7,61,,False,1,2,17,0.509687248,0,3.0,3,1,False,3,2,0.4017733184599421
216,2,20.0,True,1.0,False,True,True,1.0,2,,1,3,77,,False,9,2,26,1.4669102754,0,2.0,3,9,False,1,2,0.6484443098244922
217,2,2.0,True,1.0,False,True,True,1.0,2,,1,7,73,,False,1,2,26,0.5224294292,0,2.0,3,1,False,3,2,0.4017733184599421
218,1,1.0,True,1.0,False,False,True,3.0,3,2.0,3,8,70,,False,1,2,26,0.509687248,0,3.0,3,1,False,3,2,0.4017733184599421
220,2,20.0,True,1.0,True,False,True,3.0,1,,3,3,41,,False,1,2,26,1.67848390836,1,1.0,2,1,False,1,2,0.5607102200935249
221,1,20.0,True,1.0,False,False,True,3.0,9,1.0,3,6,50,,False,1,2,26,0.931230395,1,1.0,2,1,False,3,2,0.4092546370180767
222,2,20.0,True,1.0,True,False,True,3.0,3,3.0,3,3,61,,False,9,2,5,1.378784168,1,3.0,3,9,False,1,3,0.6484443098244922
223,1,20.0,True,1.0,False,False,True,1.0,2,,3,7,83,,False,1,1,48,0.474928131975,0,2.0,3,1,True,3,3,0.4940945771976026
231,1,3.0,True,1.0,False,False,False,2.0,2,,2,4,69,,False,1,2,29,1.275454390675,0,2.0,3,1,False,3,2,0.4017733184599421
232,1,20.0,True,1.0,True,False,True,1.0,1,,2,3,78,,False,1,2,5,1.17485358424,1,1.0,3,1,False,1,3,0.5489726726016116
235,1,30.0,True,1.0,False,False,True,3.0,3,1.0,2,7,64,,False,1,2,48,0.540467751,1,3.0,3,1,False,3,3,0.4017733184599421
240,2,16.0,True,1.0,False,False,True,1.0,3,2.0,1,7,62,,False,1,2,29,0.509687248,0,3.0,3,1,False,3,2,0.4017733184599421
242,2,13.0,True,1.0,False,False,True,3.0,4,3.0,2,7,38,,False,5,1,6,1.349942818,1,3.0,2,9,True,3,4,0.5615960989441215
247,2,2.0,True,1.0,False,False,True,1.0,3,3.0,3,7,45,,False,1,2,19,0.484662346,0,3.0,2,1,False,3,2,0.4092546370180767
250,2,20.0,True,1.0,False,True,True,1.0,2,,3,7,67,,False,1,2,27,0.5224294292,0,2.0,3,1,False,3,2,0.4017733184599421
253,2,13.0,True,1.0,False,True,True,1.0,2,,3,7,60,,False,1,2,12,0.5033200549,0,2.0,3,1,False,3,3,0.4017733184599421
254,1,10.0,True,1.0,False,False,False,1.0,2,,1,5,24,,False,1,2,19,1.507924538275,0,2.0,1,1,False,3,2,0.3689259300784175
259,2,15.0,True,1.0,False,False,True,1.0,3,1.0,3,7,37,,False,1,2,27,0.484662346,1,3.0,2,1,False,3,2,0.4092546370180767
260,1,9.0,True,1.0,False,True,False,1.0,2,,3,5,87,,False,1,2,20,0.945537522800002,0,2.0,3,1,False,3,2,0.4017733184599421
264,1,20.0,True,1.0,False,False,False,1.0,2,,3,7,61,,False,1,2,22,0.5033200549,0,2.0,3,1,False,3,3,0.4017733184599421
265,1,20.0,True,1.0,False,False,True,3.0,1,,3,8,51,,False,1,1,48,0.43178307746,0,1.0,2,1,True,3,3,0.5017550319222035
266,1,20.0,True,1.0,True,False,True,1.0,1,,2,3,59,,False,1,1,27,1.04544547702,1,1.0,3,1,True,1,2,0.6383140764053872
269,1,30.0,True,1.0,False,True,True,2.0,1,,4,6,85,,False,1,2,48,0.958621126539998,1,1.0,3,1,False,3,3,0.4017733184599421
270,2,20.0,True,1.0,True,False,True,1.0,1,,4,7,60,,False,1,2,19,0.49949350304,1,1.0,3,1,False,3,2,0.4017733184599421
273,1,20.0,True,1.0,False,True,True,1.0,2,,3,5,72,,False,1,2,29,0.945537522800002,0,2.0,3,1,False,3,2,0.4017733184599421
274,2,20.0,True,1.0,False,True,False,1.0,3,3.0,3,8,77,,False,2,2,48,0.525610801,0,3.0,3,2,False,3,3,0.0768634545783466
275,2,20.0,True,1.0,False,False,True,3.0,2,,3,9,99,2.0,False,2,1,21,0.736275232499997,0,2.0,3,2,True,3,3,0.1107553113143782
277,1,20.0,True,1.0,False,True,True,2.0,2,,1,8,69,,False,1,2,27,0.5224294292,0,2.0,3,1,False,3,2,0.4017733184599421
278,2,20.0,True,1.0,False,False,True,1.0,2,,1,8,41,,False,5,1,48,1.277007234925,0,2.0,2,9,True,3,3,0.5615960989441215
282,1,3.0,True,1.0,True,False,True,1.0,1,,2,6,70,,False,1,2,48,0.958621126539998,1,1.0,3,1,False,3,3,0.4017733184599421
283,2,20.0,True,1.0,False,False,False,1.0,3,1.0,3,7,63,,False,1,1,48,0.463344519,1,3.0,3,1,True,3,3,0.4940945771976026
285,2,20.0,True,1.0,False,False,False,1.0,3,2.0,3,8,34,,False,3,2,48,1.714338911,0,3.0,1,3,False,3,3,0.2102156445868293
286,1,4.0,True,1.0,False,True,True,1.0,2,,1,8,83,,False,1,2,48,0.553979444775,0,2.0,3,1,False,3,3,0.4017733184599421
287,1,20.0,True,1.0,False,False,True,1.0,1,,4,7,69,,False,1,2,48,0.52965839598,1,1.0,3,1,False,3,3,0.4017733184599421
288,2,20.0,True,1.0,False,False,False,1.0,3,1.0,4,8,58,,True,4,1,48,0.899713551,1,3.0,3,4,True,3,3,0.4295447375457845
289,1,20.0,True,1.0,False,True,False,1.0,2,,1,8,86,,False,1,1,48,0.474928131975,0,2.0,3,1,True,3,3,0.4940945771976026
290,2,14.0,True,1.0,False,True,True,3.0,2,,1,8,69,,False,1,2,22,0.5033200549,0,2.0,3,1,False,3,3,0.4017733184599421
292,1,20.0,True,1.0,False,True,True,1.0,2,,3,5,79,,True,1,1,48,1.66908810395,0,2.0,3,4,True,3,3,0.4295447375457845
293,2,17.0,True,1.0,False,False,False,2.0,4,3.0,2,8,37,,False,9,1,22,0.460393035,0,3.0,2,9,True,3,3,0.5615960989441215
295,2,20.0,True,4.0,False,False,False,3.0,4,1.0,3,2,46,,False,1,2,48,1.816172619,0,1.0,2,1,False,1,3,0.5607102200935249
296,1,20.0,True,1.0,True,False,True,3.0,1,,1,4,88,,False,1,1,32,1.10858093528,1,1.0,3,1,True,3,4,0.4940945771976026
297,1,18.0,True,1.0,False,False,True,3.0,2,,1,7,73,,False,1,2,35,0.553979444775,0,2.0,3,1,False,3,4,0.4017733184599421
305,2,3.0,True,1.0,False,False,False,3.0,3,2.0,3,7,23,,True,1,2,4,1.177245297,0,3.0,1,4,False,3,4,0.3176068230824714
306,2,9.0,True,1.0,True,False,True,1.0,1,,4,8,60,,False,1,2,4,0.52965839598,1,1.0,3,1,False,3,4,0.4017733184599421
307,2,10.0,True,1.0,False,False,True,3.0,1,,2,3,34,,True,1,1,56,3.92,1,1.0,1,4,True,1,4,0.4595839232690282
308,2,28.0,True,1.0,False,False,False,2.0,3,3.0,3,7,70,,False,1,1,49,0.463344519,1,3.0,3,1,True,3,4,0.4940945771976026
309,1,20.0,True,1.0,False,True,False,3.0,2,,2,3,89,,False,1,2,32,1.3524803086,0,2.0,3,1,False,1,4,0.5489726726016116
314,2,28.0,True,1.0,True,False,True,1.0,1,,4,5,60,,False,1,1,49,0.821828580160003,1,1.0,3,1,True,3,4,0.4940945771976026
315,2,2.0,True,1.0,False,False,True,3.0,1,,2,8,60,,False,1,2,35,0.52965839598,1,1.0,3,1,False,3,4,0.4017733184599421
321,2,2.0,True,1.0,False,True,False,3.0,1,,4,8,52,,False,1,2,6,0.5457292778,0,1.0,2,1,False,3,4,0.4092546370180767
322,2,20.0,True,1.0,True,False,True,1.0,1,,3,7,33,,True,1,2,4,1.15370039106,1,1.0,1,4,False,3,4,0.3176068230824714
323,2,2.0,True,1.0,True,False,False,3.0,4,1.0,4,6,26,,False,1,1,8,1.337383637,1,1.0,1,1,True,3,4,0.4589593559582667
324,2,20.0,True,1.0,False,False,False,3.0,2,,3,8,49,,False,1,2,4,0.526779860275,0,2.0,2,1,False,3,4,0.4092546370180767
336,2,30.0,True,1.0,False,False,True,1.0,3,2.0,3,6,29,,False,2,1,31,1.226547816,0,3.0,1,2,True,3,2,0.0983132717059409
342,2,20.0,True,1.0,False,False,False,1.0,3,2.0,1,5,30,,False,1,1,6,1.449111775,0,3.0,1,1,True,3,4,0.4589593559582667
351,2,1.0,True,1.0,False,False,False,2.0,3,2.0,3,8,52,,False,2,2,6,0.54155887,0,3.0,2,2,False,3,4,0.0790572171433126
355,2,2.0,True,1.0,False,False,False,2.0,2,,1,8,29,,False,1,2,36,0.680652608124998,0,2.0,1,1,False,3,1,0.3689259300784175
362,2,20.0,True,1.0,False,False,False,2.0,3,1.0,3,5,28,,False,1,2,6,1.690314982,0,3.0,1,1,False,3,4,0.3689259300784175
367,2,13.0,True,1.0,True,True,True,1.0,4,1.0,4,6,26,,False,1,1,53,1.449111775,1,1.0,1,1,True,3,4,0.4589593559582667
370,2,10.0,True,2.0,True,False,True,3.0,3,1.0,3,4,76,,False,1,1,6,1.225708535,1,3.0,3,1,True,3,4,0.4940945771976026
373,2,1.0,True,1.0,False,False,False,1.0,1,,2,7,39,,False,1,2,41,0.5457292778,1,1.0,2,1,False,3,4,0.4092546370180767
379,2,20.0,True,1.0,False,False,False,2.0,2,,1,7,22,,False,1,2,53,0.67334319885,0,2.0,1,1,False,3,4,0.3689259300784175
382,2,20.0,True,1.0,False,False,True,1.0,3,2.0,3,7,33,,False,1,1,6,0.563179525,0,3.0,1,1,True,3,4,0.4589593559582667
387,2,20.0,True,1.0,False,False,False,3.0,4,2.0,1,6,31,,False,2,2,6,1.643849813,0,2.0,1,2,False,3,4,0.0680827394291932
406,2,14.0,True,1.0,False,False,False,1.0,2,,1,8,37,,False,1,2,6,0.570788275250001,0,2.0,2,1,False,3,4,0.4092546370180767
408,2,1.0,True,1.0,False,False,False,3.0,2,,3,7,44,,False,2,2,32,0.5122991779,0,2.0,2,2,False,3,4,0.0790572171433126
412,2,20.0,True,1.0,False,True,False,2.0,2,,1,5,23,,False,3,1,6,4.1,0,2.0,1,3,True,3,4,0.2661093840543796
417,2,17.0,True,1.0,True,False,True,3.0,3,1.0,2,7,70,,False,1,1,6,0.502053397,1,3.0,3,1,True,3,4,0.4940945771976026
441,2,20.0,True,1.0,False,False,True,1.0,2,,1,8,57,,False,2,2,6,0.583759587725002,0,2.0,3,2,False,3,4,0.0768634545783466
443,2,1.0,True,1.0,False,False,False,2.0,1,,3,8,58,,False,1,2,41,0.57390729032,1,1.0,3,1,False,3,4,0.4017733184599421
446,2,2.0,True,1.0,False,True,True,1.0,2,,1,8,34,,False,5,2,6,1.90399773925,0,2.0,1,9,False,3,4,0.446266224758316
457,2,20.0,True,1.0,False,False,True,3.0,3,2.0,1,7,28,,False,1,2,17,0.571742814,0,3.0,1,1,False,3,2,0.3689259300784175
465,2,10.0,True,1.0,False,False,True,1.0,3,2.0,3,7,50,,False,1,2,54,0.466934413,0,3.0,2,1,False,3,3,0.4092546370180767
468,2,3.0,True,1.0,False,False,False,2.0,3,3.0,3,4,36,,False,1,2,12,1.65009029,1,3.0,2,1,False,3,3,0.4092546370180767
470,2,20.0,True,1.0,False,False,True,2.0,2,,3,8,83,,False,1,1,36,0.520190971675,0,2.0,3,1,True,3,1,0.4940945771976026
490,2,9.0,True,1.0,False,True,True,1.0,2,,1,5,75,,False,1,2,42,1.098195603625,0,2.0,3,1,False,3,1,0.4017733184599421
494,2,20.0,True,1.0,False,False,True,3.0,1,,3,8,49,,False,1,1,36,0.4729339958,1,1.0,2,1,True,3,1,0.5017550319222035
505,1,20.0,True,1.0,True,False,True,1.0,1,,2,7,31,,False,1,2,36,0.650770298500003,1,1.0,1,1,False,3,1,0.3689259300784175
509,2,1.0,True,1.0,True,False,True,3.0,1,,3,8,65,,False,1,2,47,0.48122307688,1,1.0,3,1,False,3,3,0.4017733184599421
513,1,9.0,True,1.0,False,True,False,3.0,3,2.0,3,7,73,,False,1,2,13,0.491043956,0,3.0,3,1,False,3,3,0.4017733184599421
515,1,1.0,True,1.0,True,False,True,1.0,1,,4,3,63,,False,1,1,42,1.21423380918,1,1.0,3,1,True,1,1,0.6383140764053872
520,1,3.0,True,1.0,False,False,True,2.0,2,,1,4,72,,False,1,2,37,1.2288009427,0,2.0,3,1,False,3,3,0.4017733184599421
524,2,20.0,True,1.0,False,False,True,1.0,3,2.0,2,7,82,,False,1,1,36,0.507503387,0,3.0,3,1,True,3,1,0.4940945771976026
526,2,20.0,True,1.0,False,False,False,9.0,2,,1,3,18,,False,1,2,36,2.905994520125,0,2.0,1,1,False,1,1,0.5334219750154965
538,2,2.0,True,1.0,False,False,True,1.0,3,2.0,3,8,27,,False,1,1,42,0.569293064,0,3.0,1,1,True,3,1,0.4589593559582667
563,2,3.0,True,1.0,False,False,True,3.0,2,,1,5,49,,False,2,2,17,0.928272541700001,0,2.0,2,2,False,3,2,0.0790572171433126
567,2,13.0,True,1.0,True,False,True,1.0,1,,4,8,63,,True,1,1,13,0.801089284100002,1,1.0,3,4,True,3,3,0.4295447375457845
575,2,20.0,True,2.0,False,False,False,1.0,2,,1,7,23,,False,3,1,36,1.650021897525,0,2.0,1,3,True,3,1,0.2661093840543796
580,1,1.0,True,1.0,True,False,True,1.0,1,,4,5,53,,False,1,1,54,0.753761699179997,1,1.0,2,1,True,3,3,0.5017550319222035
582,2,20.0,True,1.0,False,False,True,1.0,2,,1,8,49,,False,1,1,36,0.49465035275,0,2.0,2,1,True,3,1,0.5017550319222035
596,2,20.0,True,1.0,False,False,False,2.0,3,2.0,3,3,39,,False,1,1,37,1.414627034,0,3.0,2,1,True,1,3,0.6490764245733576
599,2,20.0,True,4.0,False,False,False,2.0,1,,1,3,67,,False,1,2,36,1.41634181304,0,1.0,3,1,False,1,1,0.5489726726016116
605,2,28.0,True,1.0,False,True,True,1.0,2,,1,7,29,,False,1,2,9,0.680652608124998,0,2.0,1,1,False,3,1,0.3689259300784175
612,1,20.0,True,1.0,True,False,True,3.0,1,,1,3,18,,False,1,2,13,2.30469081457999,1,1.0,1,1,False,1,3,0.5334219750154965
615,2,18.0,True,1.0,False,True,False,1.0,2,,1,8,51,,False,1,2,37,0.478607773325,0,2.0,2,1,False,3,3,0.4092546370180767
617,1,20.0,True,1.0,True,False,True,3.0,1,,2,8,56,,False,1,2,36,0.580137282619999,1,1.0,3,1,False,3,1,0.4017733184599421
619,2,20.0,True,1.0,False,False,True,3.0,1,,4,6,46,,False,1,2,1,0.879224580219998,1,1.0,2,1,False,3,3,0.4092546370180767
622,2,9.0,True,1.0,True,False,True,3.0,1,,2,5,51,,False,1,1,37,0.753761699179997,1,1.0,2,1,True,3,3,0.5017550319222035
623,1,15.0,True,1.0,False,False,True,3.0,3,2.0,3,8,99,3.0,False,1,2,36,0.591976819,0,3.0,3,1,False,3,1,0.4017733184599421
631,1,20.0,True,2.0,False,False,False,1.0,3,2.0,3,6,72,,False,2,1,12,0.740969353,0,3.0,3,2,True,3,3,0.1107553113143782
634,2,10.0,True,1.0,True,False,True,1.0,1,,2,6,37,,False,1,2,12,0.879224580219998,1,1.0,2,1,False,3,3,0.4092546370180767
637,2,13.0,True,1.0,False,True,True,1.0,2,,3,8,32,,False,1,2,36,0.680652608124998,0,2.0,1,1,False,3,1,0.3689259300784175
640,1,9.0,True,1.0,True,False,True,3.0,1,,4,3,84,,False,1,2,12,1.17485358424,1,1.0,3,1,False,1,3,0.5489726726016116
647,1,20.0,True,1.0,False,False,True,1.0,1,,3,7,65,,False,1,1,50,0.49735331926,0,1.0,3,1,True,3,1,0.4940945771976026
654,1,20.0,True,1.0,False,False,False,1.0,3,3.0,3,3,67,,False,1,1,50,1.239014091,0,3.0,3,1,True,1,1,0.6383140764053872
657,2,15.0,True,1.0,False,False,False,2.0,1,,2,7,42,,False,1,1,36,0.4729339958,1,1.0,2,1,True,3,1,0.5017550319222035
658,2,17.0,True,1.0,True,False,True,3.0,4,1.0,4,7,38,,False,1,2,12,0.466934413,1,1.0,2,1,False,3,3,0.4092546370180767
666,1,15.0,True,1.0,False,False,True,3.0,3,2.0,3,8,58,,False,1,2,45,0.491043956,0,3.0,3,1,False,3,3,0.4017733184599421
677,2,30.0,True,1.0,True,False,True,1.0,1,,4,3,55,,False,1,2,12,1.17485358424,1,1.0,3,1,False,1,3,0.5489726726016116
681,2,20.0,True,1.0,False,True,True,1.0,2,,1,8,32,,False,1,1,41,0.577259013124998,0,2.0,1,1,True,3,4,0.4589593559582667
684,2,5.0,True,1.0,True,False,True,3.0,1,,3,3,60,,False,1,1,36,1.21423380918,1,1.0,3,1,True,1,1,0.6383140764053872
688,1,1.0,True,1.0,True,False,True,1.0,1,,2,7,71,,True,4,2,12,0.934429795179997,1,1.0,3,4,False,3,3,0.3483251919970561
690,2,17.0,True,1.0,False,False,False,2.0,3,1.0,4,4,63,,False,1,1,26,1.066781099,1,3.0,3,1,True,3,2,0.4940945771976026
691,2,15.0,True,1.0,False,False,True,3.0,2,,1,7,45,,False,1,2,34,0.576984409475001,0,2.0,2,1,False,3,1,0.4092546370180767
696,2,20.0,True,1.0,False,False,True,1.0,3,3.0,2,9,43,,True,1,2,18,1.736485716,0,3.0,2,4,False,3,2,0.3549324737949213
710,1,20.0,True,1.0,True,False,True,1.0,1,,4,8,78,,False,1,2,13,0.48122307688,1,1.0,3,1,False,3,3,0.4017733184599421
711,1,20.0,True,1.0,False,True,True,3.0,2,,2,7,83,,False,1,1,45,0.431497695025,0,2.0,3,1,True,3,3,0.4940945771976026
714,2,3.0,True,1.0,False,False,False,3.0,4,2.0,1,5,26,,True,1,2,51,2.752153021,0,2.0,1,4,False,3,3,0.3176068230824714
729,1,3.0,True,1.0,True,False,True,3.0,1,,4,3,63,,False,1,1,42,1.21423380918,1,1.0,3,1,True,1,1,0.6383140764053872
731,1,1.0,True,1.0,False,False,True,3.0,1,,3,3,53,,False,1,1,42,1.67129209702,1,1.0,2,1,True,1,1,0.6490764245733576
733,2,13.0,True,1.0,True,False,True,1.0,1,,4,3,47,,False,1,1,13,1.38633449332,1,1.0,2,1,True,1,3,0.6490764245733576
738,2,20.0,True,1.0,False,False,True,3.0,3,2.0,3,6,50,,False,1,1,37,0.769144591,0,3.0,2,1,True,3,3,0.5017550319222035
741,2,20.0,True,1.0,False,False,True,3.0,2,,3,7,99,3.0,False,2,2,1,0.4894842605,0,2.0,3,2,False,3,3,0.0768634545783466
743,2,20.0,True,1.0,False,False,False,2.0,4,2.0,1,7,33,,False,1,1,17,0.490156718,0,2.0,1,1,True,3,2,0.4589593559582667
744,2,13.0,True,1.0,False,False,True,3.0,3,1.0,2,7,31,,False,1,2,48,0.606270913,1,3.0,1,1,False,3,3,0.3689259300784175
749,2,3.0,True,1.0,False,False,False,1.0,2,,1,5,18,,False,1,1,26,1.29274793545,0,2.0,1,1,True,3,2,0.4589593559582667
756,2,3.0,True,1.0,True,False,True,3.0,1,,2,5,46,,False,1,2,24,1.0599470035,1,1.0,2,1,False,3,3,0.4092546370180767
758,2,20.0,True,1.0,False,False,True,3.0,3,2.0,3,7,45,,False,5,2,42,1.59173279,0,3.0,2,9,False,3,1,0.4864516248744941
761,2,20.0,True,1.0,False,False,False,3.0,1,,3,7,40,,False,1,1,34,0.4729339958,1,1.0,2,1,True,3,1,0.5017550319222035
762,1,20.0,True,1.0,False,True,False,1.0,2,,3,8,68,,False,1,1,34,0.520190971675,0,2.0,3,1,True,3,1,0.4940945771976026
764,1,3.0,True,1.0,False,True,True,1.0,2,,3,3,66,,False,1,1,42,1.269989443275,0,2.0,3,1,True,1,1,0.6383140764053872
765,1,20.0,True,1.0,False,True,False,3.0,2,,1,3,62,,False,2,2,12,1.19502236085,0,2.0,3,2,False,1,3,0.141918767178789
769,2,10.0,True,1.0,True,False,True,1.0,1,,4,3,74,,False,1,1,37,1.00720527236,1,1.0,3,1,True,1,3,0.6383140764053872
792,2,5.0,True,1.0,False,False,True,3.0,2,,1,8,77,,False,2,1,29,0.435568408725,0,2.0,3,2,True,3,2,0.1107553113143782
796,2,20.0,True,1.0,False,False,False,1.0,3,2.0,3,8,55,,False,1,1,6,0.502053397,0,3.0,3,1,True,3,4,0.4940945771976026
800,1,15.0,True,1.0,True,False,True,3.0,1,,2,5,70,,False,1,2,1,0.870958737879998,1,1.0,3,1,False,3,3,0.4017733184599421
817,2,20.0,True,1.0,False,False,True,1.0,3,1.0,3,7,46,,False,1,2,39,0.484662346,1,3.0,2,1,False,3,2,0.4092546370180767
818,1,30.0,True,1.0,True,False,True,1.0,1,,1,8,83,,False,1,2,18,0.49949350304,1,1.0,3,1,False,3,2,0.4017733184599421
821,2,13.0,True,1.0,False,True,True,1.0,3,2.0,1,3,68,,False,1,2,9,1.445246748,0,3.0,3,1,False,1,1,0.5489726726016116
826,1,20.0,True,1.0,False,False,False,1.0,1,,4,8,56,,False,2,2,47,0.4679947076,0,1.0,3,2,False,3,3,0.0768634545783466
828,2,3.0,True,1.0,False,False,False,2.0,2,,1,5,46,,False,1,2,21,0.919597137475001,0,2.0,2,1,False,3,3,0.4092546370180767
837,1,20.0,True,1.0,False,True,False,1.0,2,,1,7,54,,False,1,1,47,0.41031178655,0,2.0,2,1,True,3,3,0.5017550319222035
840,1,20.0,True,2.0,False,False,False,3.0,2,,3,6,66,,False,1,2,39,0.945537522800002,0,2.0,3,1,False,3,2,0.4017733184599421
842,1,9.0,True,1.0,False,True,True,1.0,2,,3,6,70,,False,1,2,21,0.91095174115,0,2.0,3,1,False,3,3,0.4017733184599421
847,2,20.0,True,2.0,False,True,True,3.0,3,1.0,1,7,73,,False,1,2,25,0.591976819,0,3.0,3,1,False,3,1,0.4017733184599421
850,2,18.0,True,1.0,False,False,False,2.0,2,,1,7,39,,False,2,1,5,0.41,0,2.0,2,2,True,3,3,0.113641149893248
852,2,20.0,True,1.0,False,False,True,3.0,3,2.0,3,5,66,,False,1,2,1,0.888733406,0,3.0,3,1,False,3,3,0.4017733184599421
853,1,20.0,True,1.0,False,True,True,3.0,2,,1,7,82,,False,1,2,55,0.5224294292,0,2.0,3,1,False,3,2,0.4017733184599421
854,1,20.0,True,1.0,False,True,True,3.0,2,,3,3,75,,False,1,1,23,1.269989443275,0,2.0,3,1,True,1,1,0.6383140764053872
859,2,2.0,True,1.0,False,False,True,3.0,4,2.0,3,6,67,,False,1,1,21,0.761913642,0,2.0,3,1,True,3,3,0.4940945771976026
861,2,3.0,True,1.0,False,False,False,3.0,1,,2,7,63,,False,1,1,55,0.42821718086,1,1.0,3,1,True,3,2,0.4940945771976026
863,1,30.0,True,2.0,True,False,True,3.0,1,,3,6,50,,False,1,2,23,1.0599470035,1,1.0,2,1,False,3,1,0.4092546370180767
865,2,20.0,True,1.0,False,False,True,3.0,2,,3,8,46,,False,1,2,55,0.49677890465,0,2.0,2,1,False,3,2,0.4092546370180767
866,2,9.0,True,1.0,True,False,True,3.0,1,,4,4,55,,True,4,1,39,2.03002609208,1,1.0,3,4,True,3,2,0.4295447375457845
870,1,3.0,True,2.0,False,True,False,3.0,3,2.0,3,7,74,,False,1,1,1,0.420973361,0,3.0,3,1,True,3,3,0.4940945771976026
877,2,20.0,True,1.0,True,False,True,1.0,4,1.0,1,5,45,,False,1,2,26,0.931230395,1,1.0,2,1,False,3,2,0.4092546370180767
880,2,20.0,True,1.0,False,False,True,1.0,2,,3,5,69,,False,2,1,26,0.788329009824998,0,2.0,3,2,True,3,2,0.1107553113143782
881,2,20.0,True,1.0,False,False,False,1.0,4,1.0,2,5,75,,False,1,2,39,0.922475632,1,1.0,3,1,False,3,2,0.4017733184599421
883,2,20.0,True,1.0,False,False,True,3.0,2,,1,7,24,,False,1,1,26,0.50241063595,0,2.0,1,1,True,3,2,0.4589593559582667
894,2,1.0,True,1.0,False,False,False,3.0,1,,3,8,42,,False,1,1,48,0.43178307746,1,1.0,2,1,True,3,3,0.5017550319222035
898,2,13.0,True,1.0,False,True,False,2.0,3,2.0,3,8,29,,False,2,2,22,0.535687871,0,3.0,1,2,False,3,3,0.0680827394291932
901,2,20.0,True,1.0,True,False,True,3.0,1,,4,5,63,,False,1,2,48,0.958621126539998,1,1.0,3,1,False,3,3,0.4017733184599421
902,2,20.0,True,1.0,True,False,True,1.0,1,,2,3,54,,False,1,1,22,1.38633449332,1,1.0,2,1,True,1,3,0.6490764245733576
904,1,19.0,True,2.0,True,False,True,3.0,1,,4,6,56,,True,1,2,48,1.86143222230001,1,1.0,3,4,False,3,3,0.3483251919970561
908,2,1.0,True,1.0,False,False,False,3.0,3,1.0,4,5,42,,False,1,1,22,0.769144591,1,3.0,2,1,True,3,3,0.5017550319222035
916,2,15.0,True,1.0,False,False,True,2.0,2,,1,4,28,,True,5,1,48,4.1,0,2.0,1,4,True,3,3,0.3959243556474406
918,2,13.0,True,1.0,False,False,False,3.0,3,1.0,2,6,54,,False,1,1,19,0.79834643,1,3.0,2,1,True,3,2,0.5017550319222035
919,1,20.0,True,2.0,False,False,True,1.0,3,2.0,1,8,55,,False,1,1,48,0.463344519,0,3.0,3,1,True,3,3,0.4940945771976026
923,2,20.0,True,1.0,True,False,True,1.0,1,,1,3,47,,False,1,1,48,1.5258696824,1,1.0,2,1,True,1,3,0.6490764245733576
927,2,13.0,True,1.0,False,False,False,2.0,1,,3,8,30,,True,1,1,48,0.9890705811,0,1.0,1,4,True,3,3,0.3959243556474406
930,2,20.0,True,1.0,False,True,True,1.0,4,2.0,1,7,66,,False,2,2,22,0.47754562,0,2.0,3,2,False,3,3,0.0768634545783466
936,2,1.0,True,1.0,False,False,False,1.0,4,2.0,3,3,21,,False,1,1,19,2.092686812,0,2.0,1,1,True,1,2,0.6232752821548939
941,2,20.0,True,1.0,True,False,True,3.0,1,,4,6,79,,False,1,2,29,0.90402611936,1,1.0,3,1,False,3,2,0.4017733184599421
948,1,13.0,True,2.0,True,False,True,1.0,1,,4,3,45,,False,1,1,22,1.38633449332,1,1.0,2,1,True,1,3,0.6490764245733576
957,2,13.0,True,1.0,False,False,True,3.0,3,2.0,3,5,28,,False,1,1,48,1.337383637,0,3.0,1,1,True,3,3,0.4589593559582667
966,2,10.0,True,1.0,True,False,True,3.0,1,,2,4,48,,False,1,1,27,1.43896896248,1,1.0,2,1,True,3,2,0.5017550319222035
986,1,1.0,True,1.0,False,True,True,3.0,4,2.0,1,7,61,,False,1,2,20,0.509687248,0,2.0,3,1,False,3,2,0.4017733184599421
994,1,20.0,True,1.0,False,False,True,3.0,1,,4,7,77,,False,1,2,29,0.49949350304,1,1.0,3,1,False,3,2,0.4017733184599421
997,1,17.0,True,1.0,False,False,True,3.0,1,,4,7,59,,False,1,2,22,0.48122307688,1,1.0,3,1,False,3,3,0.4017733184599421
999,2,20.0,True,1.0,False,False,True,3.0,1,,4,3,82,,False,1,1,48,1.10858093528,1,1.0,3,1,True,1,3,0.6383140764053872
1000,1,20.0,True,1.0,False,False,False,2.0,2,,1,7,57,,False,1,2,48,0.553979444775,0,2.0,3,1,False,3,3,0.4017733184599421
1003,1,20.0,True,1.0,False,False,True,1.0,1,,2,7,72,,False,1,2,19,0.49949350304,0,1.0,3,1,False,3,2,0.4017733184599421
1004,1,6.0,True,1.0,False,True,False,1.0,2,,3,3,75,,False,1,2,19,1.275454390675,0,2.0,3,1,False,1,2,0.5489726726016116
1005,1,9.0,True,1.0,True,False,True,1.0,1,,4,7,70,,False,1,2,22,0.48122307688,1,1.0,3,1,False,3,3,0.4017733184599421
1006,1,20.0,True,1.0,False,False,False,1.0,2,,4,3,83,,False,1,1,29,1.093450626475,0,2.0,3,1,True,1,2,0.6383140764053872
1007,2,20.0,True,1.0,True,False,True,1.0,1,,4,7,56,,False,1,1,27,0.42821718086,1,1.0,3,1,True,3,2,0.4940945771976026
1013,2,20.0,True,1.0,True,False,True,1.0,1,,4,9,99,3.0,False,1,2,4,0.929315277100002,1,1.0,3,1,False,3,4,0.4017733184599421
1014,2,3.0,True,1.0,False,False,False,2.0,1,,3,6,30,,False,1,2,8,1.52879000988,0,1.0,1,1,False,3,4,0.3689259300784175
1015,1,20.0,True,1.0,False,True,True,1.0,2,,1,8,68,,False,1,1,4,0.474928131975,0,2.0,3,1,True,3,4,0.4940945771976026
1019,1,2.0,True,1.0,True,False,True,3.0,1,,2,4,82,,False,1,1,49,1.10858093528,1,1.0,3,1,True,3,4,0.4940945771976026
1022,2,15.0,True,1.0,False,True,False,1.0,2,,1,5,29,,True,4,2,4,3.10488741945,0,2.0,1,4,False,3,4,0.3176068230824714
1026,1,17.0,True,1.0,True,False,True,1.0,1,,4,7,73,,False,9,1,4,0.5222383054,1,1.0,3,9,True,3,4,0.55438178108617
1030,2,30.0,True,1.0,True,False,True,1.0,3,1.0,3,6,29,,False,1,1,16,1.337383637,1,3.0,1,1,True,3,4,0.4589593559582667
1031,2,18.0,True,1.0,True,False,False,1.0,4,1.0,4,3,39,,False,1,1,8,1.55700988,1,1.0,2,1,True,1,4,0.6490764245733576
1034,1,10.0,True,1.0,False,False,True,1.0,1,,4,5,51,,False,1,1,53,0.8989372175,1,1.0,2,1,True,3,4,0.5017550319222035
1038,1,20.0,True,1.0,False,False,False,1.0,4,1.0,3,3,67,,False,1,1,2,1.225708535,1,1.0,3,1,True,1,4,0.6383140764053872
1040,2,30.0,True,1.0,False,False,True,3.0,4,1.0,3,6,51,,False,9,1,41,1.054974356,1,1.0,2,9,True,3,4,0.5615960989441215
1041,1,1.0,True,1.0,False,False,True,3.0,2,,3,7,66,,False,2,2,6,0.583759587725002,0,2.0,3,2,False,3,4,0.0768634545783466
1045,1,20.0,True,1.0,False,False,False,9.0,3,2.0,1,6,36,,False,1,1,6,0.917282875,0,3.0,2,1,True,3,4,0.5017550319222035
1046,1,17.0,True,1.0,True,False,True,3.0,3,1.0,2,8,70,,False,1,1,6,0.502053397,1,3.0,3,1,True,3,4,0.4940945771976026
1047,2,17.0,True,1.0,False,False,True,1.0,1,,3,6,31,,False,1,1,6,1.4201295395,1,1.0,1,1,True,3,4,0.4589593559582667
1048,1,2.0,True,1.0,False,True,True,1.0,2,,3,6,51,,False,1,1,6,0.940214946875002,0,2.0,2,1,True,3,4,0.5017550319222035
1051,1,17.0,True,1.0,False,False,False,9.0,2,,1,7,75,,False,1,2,6,0.600260176100002,0,2.0,3,1,False,3,4,0.4017733184599421
1055,2,13.0,True,1.0,False,False,True,3.0,1,,2,8,34,,True,1,2,6,1.25008320486,1,1.0,1,4,False,3,4,0.3176068230824714
1059,2,14.0,True,2.0,False,True,True,3.0,2,,3,5,73,,False,1,2,41,1.086402273425,0,2.0,3,1,False,3,4,0.4017733184599421
1060,2,28.0,True,3.0,False,False,False,2.0,4,3.0,2,3,37,,False,1,1,41,1.687086106,1,3.0,2,1,True,1,4,0.6490764245733576
1062,1,20.0,True,1.0,True,False,True,3.0,1,,4,7,83,,False,1,2,6,0.57390729032,1,1.0,3,1,False,3,4,0.4017733184599421
1064,2,1.0,True,1.0,False,False,True,1.0,1,,2,7,33,,True,3,2,6,1.25008320486,1,1.0,1,4,False,3,4,0.3176068230824714
1066,2,20.0,True,1.0,False,False,True,1.0,1,,4,6,53,,False,1,1,6,0.8989372175,1,1.0,2,1,True,3,4,0.5017550319222035
1067,1,20.0,True,1.0,True,False,True,1.0,1,,4,6,64,,False,1,2,6,1.03870656386,1,1.0,3,1,False,3,4,0.4017733184599421
1068,2,20.0,True,1.0,False,True,True,1.0,2,,3,8,38,,False,1,1,6,0.48933838865,0,2.0,2,1,True,3,4,0.5017550319222035
1070,2,20.0,True,1.0,False,False,False,3.0,3,1.0,3,5,49,,False,1,2,41,1.069963692,1,3.0,2,1,False,3,4,0.4092546370180767
1072,1,20.0,True,1.0,False,False,True,1.0,2,,1,3,68,,False,1,2,2,1.4654696584,0,2.0,3,1,False,1,4,0.5489726726016116
1080,2,13.0,True,1.0,False,False,True,3.0,3,1.0,4,7,43,,True,1,1,15,0.927012636,1,3.0,2,4,True,3,4,0.4368002123547066
1082,2,1.0,True,2.0,False,False,False,3.0,4,2.0,3,6,23,,False,1,2,6,1.690314982,0,2.0,1,1,False,3,4,0.3689259300784175
1091,1,30.0,True,1.0,False,False,False,3.0,2,,1,8,78,,False,2,2,6,0.583759587725002,0,2.0,3,2,False,3,4,0.0768634545783466
1092,2,20.0,True,1.0,False,False,True,1.0,4,1.0,2,6,48,,True,1,2,6,2.077635094,1,1.0,2,4,False,3,4,0.3549324737949213
1098,1,1.0,True,2.0,False,False,False,1.0,3,2.0,3,7,65,,False,1,2,15,0.585619684,0,3.0,3,1,False,3,4,0.4017733184599421
1100,2,20.0,True,1.0,False,False,False,2.0,3,1.0,3,6,71,,False,1,1,41,0.908659235,1,3.0,3,1,True,3,4,0.4940945771976026
1104,2,30.0,True,1.0,False,False,True,3.0,3,1.0,3,7,52,,False,3,2,6,1.574639451,0,3.0,2,3,False,3,4,0.2383888487950067
1110,2,20.0,True,1.0,False,False,True,2.0,4,2.0,1,8,43,,False,1,1,6,0.477403306,0,2.0,2,1,True,3,4,0.5017550319222035
1112,2,20.0,True,1.0,True,False,True,1.0,1,,3,5,56,,True,4,2,6,2.01694059798,1,1.0,3,4,False,3,4,0.3483251919970561
1114,2,20.0,True,1.0,False,True,True,1.0,2,,1,8,55,,False,2,2,6,0.583759587725002,0,2.0,3,2,False,3,4,0.0768634545783466
1116,2,3.0,True,1.0,False,False,True,2.0,2,,2,3,36,,True,1,2,6,3.916761265575,0,2.0,2,4,False,1,4,0.4051496639044034
1119,2,1.0,True,2.0,False,True,True,1.0,4,2.0,3,8,30,,False,2,1,34,0.553643733,0,2.0,1,2,True,3,1,0.0983132717059409
1121,2,20.0,True,2.0,False,False,True,3.0,1,,3,4,67,,False,1,1,45,1.00720527236,1,1.0,3,1,True,3,3,0.4940945771976026
1132,2,20.0,True,1.0,True,False,True,3.0,3,3.0,4,6,48,,False,1,1,27,0.79834643,1,3.0,2,1,True,3,2,0.5017550319222035
1138,2,1.0,True,1.0,False,False,True,3.0,3,1.0,2,7,48,,False,1,1,17,0.415502388,1,3.0,2,1,True,3,2,0.5017550319222035
1149,2,20.0,True,1.0,False,False,True,1.0,4,1.0,4,6,43,,False,1,1,1,0.769144591,1,1.0,2,1,True,3,3,0.5017550319222035
1154,2,4.0,True,1.0,False,True,False,1.0,2,,1,7,49,,False,1,2,42,0.576984409475001,0,2.0,2,1,False,3,1,0.4092546370180767
1155,2,1.0,True,2.0,False,False,True,1.0,2,,3,7,28,,False,2,2,36,0.661942108475001,0,2.0,1,2,False,3,1,0.0680827394291932
1163,2,10.0,True,1.0,True,False,True,1.0,2,,1,8,53,,False,2,1,51,0.41,1,2.0,2,2,True,3,3,0.113641149893248
1167,2,20.0,True,1.0,False,True,True,1.0,2,,3,6,54,,False,2,2,51,0.894318276899998,0,2.0,2,2,False,3,3,0.0790572171433126
1173,2,20.0,True,1.0,False,False,False,2.0,1,,3,6,26,,True,1,1,26,2.40002792624,1,1.0,1,4,True,3,2,0.3959243556474406
1181,2,13.0,True,1.0,False,False,False,3.0,1,,4,7,28,,False,1,1,39,0.48035358364,1,1.0,1,1,True,3,2,0.4589593559582667
1183,2,9.0,True,1.0,False,False,True,1.0,2,,1,7,23,,False,1,1,6,0.577259013124998,0,2.0,1,1,True,3,4,0.4589593559582667
1192,2,20.0,True,1.0,False,True,True,1.0,2,,1,7,27,,False,3,1,25,1.650021897525,0,2.0,1,3,True,3,1,0.2661093840543796
1193,2,4.0,True,1.0,False,False,False,3.0,3,2.0,1,8,41,,False,1,1,29,0.415502388,0,3.0,2,1,True,3,2,0.5017550319222035
1203,2,20.0,True,1.0,False,False,True,1.0,1,,4,8,41,,False,1,1,48,0.43178307746,1,1.0,2,1,True,3,3,0.5017550319222035
1207,2,20.0,True,1.0,False,False,False,2.0,3,1.0,3,7,44,,False,1,2,36,0.562911619,0,3.0,2,1,False,3,1,0.4092546370180767
1215,2,20.0,True,2.0,False,True,True,1.0,2,,3,4,47,,False,1,1,37,1.44999270985,0,2.0,2,1,True,3,3,0.5017550319222035
1217,2,15.0,True,3.0,False,False,True,3.0,3,3.0,2,6,31,,False,2,2,13,1.378373266,0,3.0,1,2,False,3,3,0.0680827394291932
1229,2,16.0,True,2.0,False,False,True,3.0,1,,3,3,27,,False,1,1,13,1.97581789972,1,1.0,1,1,True,1,3,0.6232752821548939
1231,2,20.0,True,1.0,True,False,True,1.0,1,,2,7,22,,False,1,2,13,0.5398130668,1,1.0,1,1,False,3,3,0.3689259300784175
1234,1,3.0,True,2.0,False,False,False,2.0,3,1.0,2,3,58,,False,9,2,36,1.662189821,0,3.0,3,9,False,1,1,0.6484443098244922
1246,2,15.0,True,3.0,False,False,False,3.0,1,,3,3,46,,False,1,1,37,1.38633449332,1,1.0,2,1,True,1,3,0.6490764245733576
1249,2,10.0,True,1.0,True,False,True,3.0,1,,4,3,66,,False,1,2,18,1.21945883206,1,1.0,3,1,False,1,2,0.5489726726016116
1253,2,10.0,True,1.0,False,False,False,2.0,3,3.0,3,7,45,,False,1,1,55,0.415502388,1,3.0,2,1,True,3,2,0.5017550319222035
1261,2,18.0,True,1.0,False,False,False,3.0,4,1.0,2,6,48,,False,1,1,29,0.79834643,1,1.0,2,1,True,3,2,0.5017550319222035
1262,2,20.0,True,1.0,True,False,False,3.0,4,1.0,4,8,50,,False,1,1,45,0.400304182,1,1.0,2,1,True,3,3,0.5017550319222035
1267,2,10.0,True,1.0,True,False,True,1.0,1,,4,7,99,2.0,False,1,1,45,0.39229809836,1,1.0,3,1,True,3,3,0.4940945771976026
1282,2,30.0,True,1.0,False,False,True,3.0,1,,2,5,51,,False,1,1,29,0.782379501400001,1,1.0,2,1,True,3,2,0.5017550319222035
1287,2,20.0,True,1.0,False,False,True,1.0,2,,3,5,21,,True,1,2,6,3.364276933975,0,2.0,1,4,False,3,4,0.3176068230824714
1293,2,9.0,True,1.0,False,False,True,3.0,1,,2,7,52,,False,1,1,47,0.39229809836,1,1.0,2,1,True,3,3,0.5017550319222035
1308,1,18.0,True,1.0,False,False,False,1.0,2,,2,5,54,,False,1,2,31,0.954511154875002,0,2.0,2,1,False,3,2,0.4092546370180767
1316,2,20.0,True,1.0,False,False,False,2.0,2,,3,8,49,,False,1,2,17,0.49677890465,0,2.0,2,1,False,3,2,0.4092546370180767
1327,2,3.0,True,1.0,False,False,False,3.0,2,,1,7,34,,False,1,2,17,0.586036384349997,0,2.0,1,1,False,3,2,0.3689259300784175
1349,2,3.0,True,3.0,False,True,False,3.0,2,,1,8,42,,False,1,2,36,0.576984409475001,0,2.0,2,1,False,3,1,0.4092546370180767
1363,2,20.0,True,1.0,False,False,False,2.0,4,1.0,3,6,36,,True,1,2,34,2.100188652,0,1.0,2,4,False,3,1,0.3549324737949213
1365,2,1.0,True,4.0,False,False,False,3.0,1,,2,5,22,,False,1,1,12,1.1907831089,1,1.0,1,1,True,3,3,0.4589593559582667
1367,2,20.0,True,1.0,True,False,False,1.0,1,,2,8,54,,False,1,2,39,0.47496909908,1,1.0,2,1,False,3,2,0.4092546370180767
1371,2,17.0,True,1.0,True,False,False,3.0,4,1.0,4,3,30,,False,1,1,29,2.092686812,1,1.0,1,1,True,1,2,0.6232752821548939
1372,2,1.0,True,1.0,False,False,False,2.0,1,,4,8,47,,False,1,1,47,0.39229809836,0,1.0,2,1,True,3,3,0.5017550319222035
1375,2,13.0,True,1.0,False,False,False,3.0,3,2.0,1,7,20,,True,1,1,48,1.009255695,0,3.0,1,4,True,3,3,0.3959243556474406
1377,1,5.0,True,1.0,False,False,False,3.0,3,3.0,2,6,61,,True,1,2,36,2.080444177,0,3.0,3,4,False,3,1,0.3483251919970561
1378,1,2.0,True,1.0,False,False,True,1.0,3,2.0,1,5,51,,False,1,2,13,0.897167939,0,3.0,2,1,False,3,3,0.4092546370180767
1394,2,1.0,True,1.0,False,False,False,2.0,2,,1,7,33,,False,2,2,22,0.549080067775,0,2.0,1,2,False,3,3,0.0680827394291932
1395,1,20.0,True,1.0,False,False,True,3.0,3,1.0,3,8,65,,False,1,2,12,0.491043956,1,3.0,3,1,False,3,3,0.4017733184599421
1396,2,1.0,True,3.0,False,False,False,2.0,4,1.0,1,7,22,,False,3,1,36,1.609777461,1,1.0,1,3,True,3,1,0.2661093840543796
1400,2,13.0,True,1.0,False,False,True,3.0,2,,3,8,45,,False,1,1,42,0.49465035275,1,2.0,2,1,True,3,1,0.5017550319222035
1423,1,9.0,True,1.0,True,False,True,3.0,1,,4,6,76,,False,1,1,36,0.900152632120002,1,1.0,3,1,True,3,1,0.4940945771976026
1429,2,20.0,True,1.0,False,False,True,1.0,2,,1,8,32,,False,1,1,36,0.583525390599999,0,2.0,1,1,True,3,1,0.4589593559582667
1430,1,20.0,True,1.0,False,True,True,3.0,2,,3,8,62,,False,1,2,39,0.5224294292,0,2.0,3,1,False,3,2,0.4017733184599421
1433,2,20.0,True,1.0,False,True,True,1.0,2,,1,7,45,,False,1,1,12,0.41031178655,0,2.0,2,1,True,3,3,0.5017550319222035
1436,2,20.0,True,1.0,True,False,True,1.0,1,,4,7,57,,False,1,1,48,0.45407762862,1,1.0,3,1,True,3,3,0.4940945771976026
1438,1,1.0,True,1.0,True,False,True,1.0,1,,4,7,51,,False,1,1,45,0.39229809836,1,1.0,2,1,True,3,3,0.5017550319222035
1441,2,2.0,True,2.0,False,False,True,3.0,2,,1,3,33,,False,1,1,21,2.06654423185001,0,2.0,1,1,True,1,3,0.6232752821548939
1459,1,20.0,True,2.0,False,False,False,2.0,3,2.0,3,6,59,,False,2,2,1,0.864302961,0,3.0,3,2,False,3,3,0.0768634545783466
1461,1,20.0,True,1.0,False,True,True,1.0,2,,3,8,73,,False,1,2,34,0.606776239475001,0,2.0,3,1,False,3,1,0.4017733184599421
1483,2,4.0,True,1.0,True,False,True,1.0,3,3.0,3,3,47,,True,9,1,9,3.311513391,1,3.0,2,4,True,1,1,0.4857144663296094
1487,2,17.0,True,1.0,True,False,True,1.0,4,1.0,4,5,53,,False,1,1,17,0.79834643,1,1.0,2,1,True,3,2,0.5017550319222035
1489,2,20.0,True,1.0,True,False,True,1.0,1,,3,3,35,,False,1,1,48,1.5258696824,1,1.0,2,1,True,1,3,0.6490764245733576
1490,2,14.0,True,1.0,False,True,True,1.0,4,3.0,1,8,98,,False,9,1,39,0.502546937,0,3.0,3,9,True,3,2,0.55438178108617
1494,2,1.0,True,1.0,False,False,True,1.0,4,3.0,3,9,48,,False,1,2,25,1.038656435,0,3.0,2,1,False,3,1,0.4092546370180767
1495,2,17.0,True,1.0,True,False,True,1.0,1,,4,8,40,,False,1,2,34,0.55165338662,1,1.0,2,1,False,3,1,0.4092546370180767
1515,1,20.0,True,1.0,False,True,True,1.0,2,,3,8,99,3.0,False,2,1,36,0.505891411925,0,2.0,3,2,True,3,1,0.1107553113143782
1541,2,8.0,True,1.0,False,False,False,2.0,4,3.0,1,7,99,2.0,True,2,2,42,1.093051047,0,3.0,3,4,False,3,1,0.3483251919970561
1545,1,20.0,True,1.0,False,True,True,3.0,2,,3,7,53,,False,2,2,37,0.465451295625,0,2.0,2,2,False,3,3,0.0790572171433126
1552,2,2.0,True,1.0,False,False,False,2.0,3,2.0,1,7,27,,False,2,2,42,0.645797179,0,3.0,1,2,False,3,1,0.0680827394291932
1556,2,1.0,True,1.0,False,False,False,2.0,2,,1,8,52,,False,1,2,9,0.576984409475001,0,2.0,2,1,False,3,1,0.4092546370180767
1557,2,9.0,True,1.0,False,False,False,3.0,3,3.0,3,8,99,3.0,False,2,1,48,0.450607614,0,3.0,3,2,True,3,3,0.1107553113143782
1561,2,5.0,True,1.0,False,False,False,2.0,3,1.0,2,7,25,,False,1,1,13,0.472227813,1,3.0,1,1,True,3,3,0.4589593559582667
1568,2,3.0,True,1.0,False,True,True,1.0,2,,1,5,69,,False,2,2,51,0.885910535025002,0,2.0,3,2,False,3,3,0.0768634545783466
1581,2,15.0,True,1.0,False,False,True,3.0,3,2.0,1,5,46,,False,2,1,36,0.901751381,0,3.0,2,2,True,3,1,0.113641149893248
1586,2,1.0,True,1.0,False,False,False,2.0,3,2.0,1,5,56,,False,1,1,17,0.790840946,0,3.0,3,1,True,3,2,0.4940945771976026
1592,1,20.0,True,1.0,True,True,True,3.0,1,,2,7,61,,False,1,2,18,0.49949350304,1,1.0,3,1,False,3,2,0.4017733184599421
1594,2,20.0,True,1.0,False,False,True,1.0,3,2.0,3,5,39,,False,1,2,48,0.987468295,0,3.0,2,1,False,3,3,0.4092546370180767
1597,2,30.0,True,1.0,False,False,True,1.0,1,,3,7,46,,False,1,1,51,0.39229809836,1,1.0,2,1,True,3,3,0.5017550319222035
1601,2,20.0,True,1.0,False,True,True,3.0,2,,1,5,73,,False,1,2,37,0.91095174115,0,2.0,3,1,False,3,3,0.4017733184599421
1603,2,13.0,True,1.0,False,False,False,3.0,3,3.0,3,3,24,,False,2,1,13,1.960718903,0,3.0,1,2,True,1,3,0.1879762443681596
1607,2,20.0,True,1.0,False,False,True,3.0,4,2.0,1,8,39,,False,1,1,42,0.48258571,0,2.0,2,1,True,3,1,0.5017550319222035
1608,1,20.0,True,1.0,True,False,True,1.0,1,,2,5,51,,False,1,1,12,0.753761699179997,1,1.0,2,1,True,3,3,0.5017550319222035
1638,2,2.0,True,1.0,False,False,True,3.0,1,,2,5,65,,False,1,1,47,0.746675369160003,0,1.0,3,1,True,3,3,0.4940945771976026
1639,2,20.0,True,1.0,False,False,False,2.0,1,,2,7,61,,False,1,1,12,0.41255389378,1,1.0,3,1,True,3,3,0.4940945771976026
1641,2,4.0,True,1.0,False,False,False,2.0,3,3.0,3,8,42,,False,1,2,25,0.562911619,0,3.0,2,1,False,3,1,0.4092546370180767
1642,2,20.0,True,1.0,False,False,True,1.0,4,2.0,1,4,46,,False,1,1,17,1.468335676,0,2.0,2,1,True,3,2,0.5017550319222035
1643,2,20.0,True,2.0,False,False,True,3.0,4,9.0,2,6,50,,False,1,1,36,0.927240346,0,3.0,2,1,True,3,1,0.5017550319222035
1647,2,9.0,True,1.0,True,False,False,3.0,1,,3,7,71,,False,1,1,24,0.49735331926,1,1.0,3,1,True,3,3,0.4940945771976026
1653,2,15.0,True,1.0,False,False,True,1.0,3,2.0,3,8,43,,False,1,2,25,0.562911619,0,3.0,2,1,False,3,1,0.4092546370180767
1655,2,20.0,True,1.0,False,True,True,1.0,2,,1,3,65,,False,1,2,24,1.4813779167,0,2.0,3,1,False,1,3,0.5489726726016116
1657,1,20.0,True,1.0,False,False,False,1.0,2,,3,8,50,,False,2,2,34,0.5611236507,0,2.0,2,2,False,3,1,0.0790572171433126
1658,2,20.0,True,1.0,False,False,False,1.0,3,2.0,3,8,36,,False,1,1,48,0.440594977,0,3.0,2,1,True,3,3,0.5017550319222035
1667,1,3.0,True,1.0,False,False,True,2.0,2,,3,3,24,,False,2,2,12,2.3442555691,0,2.0,1,2,False,1,3,0.1360999668433259
1668,2,5.0,True,1.0,True,False,True,1.0,1,,4,3,52,,False,1,1,1,1.38633449332,1,1.0,2,1,True,1,3,0.6490764245733576
1683,2,17.0,True,1.0,False,True,True,1.0,3,2.0,1,7,32,,False,1,1,25,0.569293064,0,3.0,1,1,True,3,1,0.4589593559582667
1684,1,13.0,True,1.0,False,False,True,1.0,3,2.0,1,7,39,,False,3,2,6,1.574639451,0,3.0,2,3,False,3,4,0.2383888487950067
1685,2,9.0,True,1.0,False,False,True,1.0,3,3.0,3,5,58,,False,1,2,22,0.888733406,0,3.0,3,1,False,3,3,0.4017733184599421
1701,2,1.0,True,1.0,False,False,True,3.0,3,1.0,2,8,60,,False,1,1,13,0.420973361,1,3.0,3,1,True,3,3,0.4940945771976026
1706,2,13.0,True,3.0,False,False,False,2.0,3,3.0,3,7,55,,False,1,1,53,0.502053397,1,3.0,3,1,True,3,4,0.4940945771976026
1712,2,20.0,True,1.0,False,False,True,3.0,4,1.0,3,6,31,,False,2,2,17,1.430705474,1,1.0,1,2,False,3,2,0.0680827394291932
1726,2,20.0,True,1.0,False,False,False,2.0,4,1.0,3,7,65,,False,1,1,9,0.507503387,1,1.0,3,1,True,3,1,0.4940945771976026
1727,2,20.0,True,2.0,False,False,True,1.0,1,,3,7,65,,False,1,2,17,0.49949350304,1,1.0,3,1,False,3,2,0.4017733184599421
1729,2,20.0,True,3.0,False,False,True,3.0,4,3.0,3,5,22,,False,2,1,13,1.181683267,0,3.0,1,2,True,3,3,0.0983132717059409
1730,1,20.0,True,1.0,True,False,True,1.0,1,,4,6,55,,False,1,2,17,0.90402611936,1,1.0,3,1,False,3,2,0.4017733184599421
1736,2,20.0,True,1.0,False,False,True,1.0,1,,4,5,65,,False,1,2,12,0.870958737879998,1,1.0,3,1,False,3,3,0.4017733184599421
1743,2,20.0,True,1.0,False,True,True,1.0,2,,3,3,54,,False,2,2,12,1.6448491315,0,2.0,2,2,False,1,3,0.1489889958702193
1754,2,13.0,True,1.0,False,False,False,2.0,2,,1,7,35,,False,1,2,6,0.570788275250001,0,2.0,2,1,False,3,4,0.4092546370180767
1762,1,1.0,True,2.0,False,False,True,3.0,2,,3,6,68,,False,2,2,37,0.885910535025002,0,2.0,3,2,False,3,3,0.0768634545783466
1764,2,18.0,True,1.0,False,False,True,2.0,2,,1,7,36,,False,5,2,37,1.35334866195,0,2.0,2,9,False,3,3,0.4864516248744941
1766,2,20.0,True,1.0,False,False,False,2.0,3,2.0,1,7,26,,False,1,1,35,0.519757754,0,3.0,1,1,True,3,4,0.4589593559582667
1767,1,3.0,True,1.0,True,False,False,3.0,3,3.0,4,3,79,,False,1,1,12,1.027760482,1,3.0,3,1,True,1,3,0.6383140764053872
1768,1,20.0,True,1.0,False,False,True,3.0,1,,2,2,52,,False,2,1,37,1.34822546264,1,1.0,2,2,True,1,3,0.2045194900649204
1772,1,3.0,True,1.0,False,True,True,1.0,2,,1,7,70,,False,2,2,12,0.4894842605,0,2.0,3,2,False,3,3,0.0768634545783466
1773,1,20.0,True,1.0,False,True,True,3.0,2,,1,5,67,,False,2,1,12,0.759493586824998,0,2.0,3,2,True,3,3,0.1107553113143782
1774,1,17.0,True,1.0,True,False,True,1.0,3,1.0,1,5,73,,False,1,2,37,0.888733406,1,3.0,3,1,False,3,3,0.4017733184599421
1775,2,20.0,True,1.0,False,True,True,1.0,2,,3,2,59,,False,2,2,12,1.19502236085,0,2.0,3,2,False,1,3,0.141918767178789
1777,2,1.0,True,1.0,False,False,True,1.0,1,,3,1,58,,False,1,1,22,1.00720527236,1,1.0,3,1,True,1,3,0.6383140764053872
1781,1,20.0,True,1.0,True,False,True,3.0,3,1.0,3,3,35,,False,1,2,51,1.65009029,1,3.0,2,1,False,1,3,0.5607102200935249
1785,1,20.0,True,1.0,False,True,True,1.0,2,,3,2,72,,False,1,2,37,1.2288009427,0,2.0,3,1,False,1,3,0.5489726726016116
1787,1,2.0,True,1.0,False,True,True,1.0,2,,3,8,70,,False,1,2,12,0.5033200549,0,2.0,3,1,False,3,3,0.4017733184599421
1788,2,20.0,True,1.0,False,True,False,1.0,3,3.0,2,5,65,,False,2,2,12,0.864302961,0,3.0,3,2,False,3,3,0.0768634545783466
1789,1,10.0,True,1.0,True,False,True,1.0,1,,4,5,72,,False,1,2,12,0.870958737879998,1,1.0,3,1,False,3,3,0.4017733184599421
1792,2,13.0,True,1.0,False,False,False,1.0,2,,3,8,36,,False,1,2,9,0.576984409475001,0,2.0,2,1,False,3,1,0.4092546370180767
1804,1,9.0,True,2.0,False,True,False,3.0,2,,3,7,80,,False,1,2,47,0.5033200549,0,2.0,3,1,False,3,3,0.4017733184599421
1806,2,20.0,True,1.0,True,False,True,3.0,3,3.0,3,7,51,,False,1,2,34,0.562911619,1,3.0,2,1,False,3,1,0.4092546370180767
1809,2,20.0,True,1.0,False,False,False,2.0,2,,3,7,35,,False,2,2,13,0.465451295625,0,2.0,2,2,False,3,3,0.0790572171433126
1810,1,30.0,True,1.0,True,False,True,1.0,1,,1,3,73,,False,1,1,22,1.00720527236,1,1.0,3,1,True,1,3,0.6383140764053872
1811,1,1.0,True,2.0,True,False,True,1.0,9,1.0,4,7,70,,False,1,2,29,0.509687248,1,1.0,3,1,False,3,2,0.4017733184599421
1823,1,20.0,True,1.0,False,True,False,1.0,3,2.0,3,5,61,,False,1,2,18,0.922475632,0,3.0,3,1,False,3,2,0.4017733184599421
1824,1,18.0,True,1.0,False,True,True,1.0,2,,3,3,72,,False,1,2,48,1.3524803086,0,2.0,3,1,False,1,3,0.5489726726016116
1825,1,9.0,True,1.0,False,False,True,1.0,3,2.0,3,4,72,,False,1,1,17,1.066781099,0,3.0,3,1,True,3,2,0.4940945771976026
1828,2,9.0,True,1.0,False,True,True,1.0,2,,1,8,35,,False,1,2,44,0.576984409475001,0,2.0,2,1,False,3,1,0.4092546370180767
1830,1,10.0,True,2.0,True,False,True,3.0,1,,4,3,57,,False,1,2,26,1.21945883206,1,1.0,3,1,False,1,2,0.5489726726016116
1831,1,20.0,True,1.0,False,True,False,3.0,2,,2,3,95,,False,2,2,1,1.19502236085,0,2.0,3,2,False,1,3,0.141918767178789
1832,1,1.0,True,1.0,True,False,True,3.0,3,1.0,1,3,79,,False,1,2,47,1.198830188,1,3.0,3,1,False,1,3,0.5489726726016116
1836,1,20.0,True,1.0,True,False,False,1.0,1,,4,6,25,,False,1,1,28,1.1907831089,1,1.0,1,1,True,3,3,0.4589593559582667
1844,1,17.0,True,1.0,False,True,True,1.0,2,,3,3,75,,False,2,1,28,1.02449602185,0,2.0,3,2,True,1,3,0.1962305673010076
1847,1,14.0,True,1.0,False,True,True,1.0,2,,4,3,65,,False,2,2,22,1.19502236085,0,2.0,3,2,False,1,3,0.141918767178789
1848,1,3.0,True,2.0,False,False,False,3.0,3,2.0,3,3,72,,False,2,1,47,0.999508314,0,3.0,3,2,True,1,3,0.1962305673010076
1851,1,9.0,True,1.0,True,False,True,1.0,1,,2,5,75,,False,1,1,55,0.775024127080001,1,1.0,3,1,True,3,2,0.4940945771976026
1856,1,20.0,True,1.0,False,True,True,3.0,2,,3,7,54,,False,1,2,55,0.49677890465,0,2.0,2,1,False,3,2,0.4092546370180767
1859,1,3.0,True,2.0,False,True,True,3.0,2,,4,3,67,,False,2,1,22,1.02449602185,0,2.0,3,2,True,1,3,0.1962305673010076
1862,1,2.0,True,1.0,True,False,True,3.0,3,3.0,3,8,66,,False,1,1,22,0.420973361,1,3.0,3,1,True,3,3,0.4940945771976026
1871,1,2.0,True,1.0,False,False,True,1.0,2,,3,4,59,,False,1,1,20,1.093450626475,0,2.0,3,1,True,3,2,0.4940945771976026
1873,1,20.0,True,1.0,True,False,True,3.0,1,,2,8,56,,False,1,2,39,0.49949350304,1,1.0,3,1,False,3,2,0.4017733184599421
1877,1,1.0,True,1.0,False,False,True,1.0,1,,4,6,42,,False,1,2,55,0.912605787100002,1,1.0,2,1,False,3,2,0.4092546370180767
1879,1,2.0,True,1.0,False,False,True,3.0,3,1.0,2,6,71,,False,1,1,29,0.790840946,1,3.0,3,1,True,3,2,0.4940945771976026
1881,1,20.0,True,1.0,False,True,True,3.0,2,,1,8,76,,False,1,1,55,0.447880214675,0,2.0,3,1,True,3,2,0.4940945771976026
1882,1,1.0,True,1.0,False,False,True,2.0,2,,1,6,49,,False,1,2,39,0.954511154875002,0,2.0,2,1,False,3,2,0.4092546370180767
1884,1,20.0,True,2.0,True,False,True,1.0,1,,4,5,99,9.0,False,1,2,39,0.876389284400001,1,1.0,3,1,False,3,2,0.4017733184599421
1885,2,5.0,True,1.0,False,False,False,3.0,4,3.0,1,8,68,,False,1,1,34,0.507503387,0,3.0,3,1,True,3,1,0.4940945771976026
1887,1,20.0,True,1.0,False,False,True,3.0,1,,4,6,66,,False,1,2,18,0.90402611936,1,1.0,3,1,False,3,2,0.4017733184599421
1892,1,20.0,True,1.0,False,False,True,1.0,2,,3,3,64,,False,1,2,39,1.275454390675,0,2.0,3,1,False,1,2,0.5489726726016116
1893,1,2.0,True,1.0,True,False,False,2.0,1,,4,3,64,,False,1,2,29,1.21945883206,1,1.0,3,1,False,1,2,0.5489726726016116
1897,1,13.0,True,1.0,False,False,False,2.0,2,,1,7,54,,False,1,2,32,0.526779860275,0,2.0,2,1,False,3,4,0.4092546370180767
1899,2,9.0,True,1.0,False,False,True,1.0,2,,3,5,37,,True,1,2,4,1.96538328262501,0,2.0,2,4,False,3,4,0.3549324737949213
1903,1,10.0,True,1.0,False,True,False,3.0,2,,3,3,47,,False,1,2,6,2.01709739955,0,2.0,2,1,False,1,4,0.5607102200935249
1905,2,5.0,True,1.0,False,False,True,3.0,1,,3,8,48,,False,1,2,6,0.5457292778,1,1.0,2,1,False,3,4,0.4092546370180767
1907,1,9.0,True,1.0,False,False,False,1.0,4,2.0,3,6,50,,False,2,2,6,1.040551397,0,2.0,2,2,False,3,4,0.0790572171433126
1916,1,6.0,True,1.0,False,False,True,2.0,3,2.0,3,5,85,,False,1,2,16,0.978184823,0,3.0,3,1,False,3,4,0.4017733184599421
1925,1,1.0,True,1.0,False,False,True,1.0,3,2.0,1,3,46,,False,2,2,6,1.913804185,0,3.0,2,2,False,1,4,0.1489889958702193
1931,1,15.0,True,1.0,False,True,False,1.0,2,,3,3,75,,False,2,2,6,1.4251852765,0,2.0,3,2,False,1,4,0.141918767178789
1932,1,3.0,True,3.0,True,False,False,3.0,1,,2,3,67,,False,1,2,6,1.40113196608,1,1.0,3,1,False,1,4,0.5489726726016116
1946,2,13.0,True,1.0,False,False,False,1.0,1,,3,7,31,,False,1,1,35,0.50936259892,0,1.0,1,1,True,3,4,0.4589593559582667
1950,1,20.0,True,2.0,True,False,False,1.0,1,,3,7,89,,False,1,2,49,0.52965839598,1,1.0,3,1,False,3,4,0.4017733184599421
1955,1,2.0,True,1.0,False,False,False,2.0,3,2.0,3,8,83,,False,1,1,4,0.463344519,0,3.0,3,1,True,3,4,0.4940945771976026
1960,1,9.0,True,1.0,False,False,False,3.0,1,,2,7,61,,False,1,1,6,0.49201232906,1,1.0,3,1,True,3,4,0.4940945771976026
1962,1,1.0,True,1.0,False,False,True,3.0,1,,2,3,91,,False,1,1,6,1.2011943643,1,1.0,3,1,True,1,4,0.6383140764053872
1963,1,20.0,True,1.0,False,False,True,3.0,3,1.0,3,8,54,,False,3,1,6,1.349942818,1,3.0,2,3,True,3,4,0.2990853678244126
1966,1,20.0,True,1.0,True,False,True,1.0,1,,4,3,30,,False,1,1,41,2.35636308838001,1,1.0,1,1,True,1,4,0.6232752821548939
1967,1,9.0,True,1.0,False,False,True,1.0,2,,1,8,65,,False,1,1,41,0.514604731925,0,2.0,3,1,True,3,4,0.4940945771976026
1968,2,20.0,True,1.0,False,False,True,3.0,2,,1,6,53,,False,1,2,53,1.0967127843,0,2.0,2,1,False,3,4,0.4092546370180767
1969,1,17.0,True,1.0,False,True,True,1.0,2,,1,7,66,,False,1,2,6,0.600260176100002,0,2.0,3,1,False,3,4,0.4017733184599421
1970,1,20.0,True,1.0,False,True,True,1.0,4,3.0,3,7,47,,False,1,1,6,0.477403306,0,3.0,2,1,True,3,4,0.5017550319222035
1971,2,20.0,True,1.0,False,False,False,1.0,3,2.0,1,7,38,,False,1,2,30,0.513931571,0,3.0,2,1,False,3,4,0.4092546370180767
1973,1,20.0,True,1.0,False,False,False,3.0,3,3.0,1,6,52,,False,1,2,6,1.069963692,0,3.0,2,1,False,3,4,0.4092546370180767
1975,1,20.0,True,1.0,True,False,False,3.0,1,,3,7,82,,False,1,2,15,0.57390729032,1,1.0,3,1,False,3,4,0.4017733184599421
1976,1,20.0,True,1.0,True,False,True,3.0,1,,4,7,74,,True,4,1,6,0.955380158740001,1,1.0,3,4,True,3,4,0.4295447375457845
1979,2,10.0,True,1.0,False,True,True,1.0,2,,3,5,48,,False,1,2,53,1.0967127843,0,2.0,2,1,False,3,4,0.4092546370180767
1980,1,20.0,True,1.0,True,False,True,1.0,1,,4,6,50,,False,5,2,6,2.96500251852001,1,1.0,2,9,False,3,4,0.4864516248744941
1983,1,20.0,True,2.0,False,False,True,3.0,1,,3,7,99,9.0,False,1,1,45,0.723848878899998,0,1.0,3,1,True,3,3,0.4940945771976026
1989,2,20.0,True,2.0,False,False,True,3.0,2,,1,7,44,,False,1,2,33,0.576984409475001,0,2.0,2,1,False,3,1,0.4092546370180767
1999,2,1.0,True,1.0,False,False,True,3.0,2,,3,6,52,,False,1,2,42,1.108618039375,0,2.0,2,1,False,3,1,0.4092546370180767
2001,2,4.0,True,1.0,False,False,True,1.0,3,3.0,3,8,99,2.0,False,1,1,25,0.48258571,0,3.0,3,1,True,3,1,0.4940945771976026
2002,2,20.0,True,1.0,False,True,True,3.0,2,,1,7,24,,False,1,2,51,0.564600401499997,0,2.0,1,1,False,3,3,0.3689259300784175
2007,2,20.0,True,1.0,False,False,True,1.0,2,,1,5,23,,False,2,2,37,1.41283259765,0,2.0,1,2,False,3,3,0.0680827394291932
2008,2,20.0,True,2.0,False,True,True,1.0,3,2.0,3,5,52,,False,2,1,28,0.748001529,0,3.0,2,2,True,3,3,0.113641149893248
2009,2,1.0,True,1.0,False,False,True,3.0,1,,2,8,48,,False,1,1,17,0.40719234024,1,1.0,2,1,True,3,2,0.5017550319222035
2012,2,17.0,True,1.0,True,False,True,3.0,1,,2,8,63,,False,1,1,48,0.45407762862,1,1.0,3,1,True,3,3,0.4940945771976026
2017,1,20.0,True,1.0,False,False,False,3.0,3,1.0,3,8,54,,True,1,1,42,0.937075729,1,3.0,2,4,True,3,1,0.4368002123547066
2020,1,15.0,True,1.0,True,False,True,1.0,1,,2,8,60,,False,9,1,42,0.572010023060001,1,1.0,3,9,True,3,1,0.55438178108617
2021,2,4.0,True,1.0,False,False,False,2.0,2,,1,8,31,,False,1,2,9,0.680652608124998,0,2.0,1,1,False,3,1,0.3689259300784175
2036,2,13.0,True,1.0,False,False,True,1.0,2,,1,8,32,,False,1,2,42,0.680652608124998,0,2.0,1,1,False,3,1,0.3689259300784175
2045,2,1.0,True,1.0,False,False,False,1.0,2,,3,7,99,3.0,False,2,2,42,0.590096531325001,0,2.0,3,2,False,3,1,0.0768634545783466
2047,2,30.0,True,1.0,True,False,True,3.0,1,,4,7,53,,False,1,2,12,0.45759572474,1,1.0,2,1,False,3,3,0.4092546370180767
2049,2,6.0,True,1.0,False,False,True,3.0,2,,3,5,29,,False,1,2,36,1.75138062562501,1,2.0,1,1,False,3,1,0.3689259300784175
2064,2,9.0,True,1.0,True,False,True,3.0,1,,3,6,32,,False,1,2,37,1.38898776786,1,1.0,1,1,False,3,3,0.3689259300784175
2074,1,20.0,True,1.0,False,True,True,1.0,2,,3,5,70,,False,2,1,40,0.835936957274998,0,2.0,3,2,True,3,3,0.1107553113143782
2076,1,28.0,True,1.0,False,False,False,1.0,2,,1,7,45,,False,1,2,6,0.570788275250001,0,2.0,2,1,False,3,4,0.4092546370180767
2078,1,20.0,True,1.0,False,False,True,1.0,1,,2,7,48,,False,1,2,20,0.47496909908,1,1.0,2,1,False,3,2,0.4092546370180767
2085,2,17.0,True,1.0,False,False,False,2.0,2,,3,8,32,,False,2,1,36,0.567484826325001,0,2.0,1,2,True,3,1,0.0983132717059409
2086,2,17.0,True,1.0,False,False,True,1.0,1,,4,8,42,,False,1,1,39,0.40719234024,1,1.0,2,1,True,3,2,0.5017550319222035
2092,2,20.0,True,1.0,False,False,False,3.0,2,,3,3,33,,True,1,1,18,4.1,0,2.0,1,4,True,1,2,0.4595839232690282
2106,1,30.0,True,1.0,True,False,False,3.0,4,3.0,4,6,47,,False,1,1,42,0.927240346,1,3.0,2,1,True,3,1,0.5017550319222035
2111,1,3.0,True,2.0,False,False,False,2.0,4,3.0,1,5,23,,False,1,2,47,1.417334457,0,3.0,1,1,False,3,3,0.3689259300784175
2113,2,13.0,True,1.0,True,False,True,3.0,1,,2,7,28,,False,1,2,12,0.5398130668,1,1.0,1,1,False,3,3,0.3689259300784175
2119,1,3.0,True,1.0,False,False,False,3.0,3,1.0,2,6,97,,False,1,1,39,0.790840946,1,3.0,3,1,True,3,2,0.4940945771976026
2129,2,20.0,True,1.0,False,False,False,1.0,3,1.0,4,3,54,,False,1,1,48,1.55700988,1,3.0,2,1,True,1,3,0.6490764245733576
2135,2,1.0,True,1.0,False,False,True,3.0,3,2.0,1,5,29,,False,1,2,12,1.417334457,0,3.0,1,1,False,3,3,0.3689259300784175
2139,1,6.0,True,1.0,False,True,True,1.0,2,,3,5,64,,True,1,1,12,1.516456115525,0,2.0,3,4,True,3,3,0.4295447375457845
2142,2,20.0,True,1.0,False,False,False,2.0,2,,1,7,32,,False,1,2,36,0.680652608124998,0,2.0,1,1,False,3,1,0.3689259300784175
2144,1,17.0,True,1.0,False,False,True,1.0,2,,1,8,34,,False,3,1,12,1.3686908927,0,2.0,1,3,True,3,3,0.2661093840543796
2149,2,8.0,True,1.0,False,False,False,2.0,3,1.0,3,3,46,,False,1,1,36,1.705400099,0,3.0,2,1,True,1,1,0.6490764245733576
2150,2,20.0,True,1.0,False,True,True,1.0,1,,3,8,61,,False,1,1,12,0.41255389378,0,1.0,3,1,True,3,3,0.4940945771976026
2156,2,13.0,True,1.0,False,False,False,3.0,4,1.0,2,7,48,,False,1,1,24,0.48258571,1,1.0,2,1,True,3,3,0.5017550319222035
2165,1,20.0,True,1.0,False,False,False,1.0,3,1.0,4,7,57,,False,1,1,42,0.507503387,1,3.0,3,1,True,3,1,0.4940945771976026
2167,2,17.0,True,1.0,False,False,False,3.0,1,,4,7,29,,False,9,1,36,0.641653527060001,1,1.0,1,9,True,3,1,0.5210454958003343
2168,2,20.0,True,1.0,True,False,True,1.0,1,,2,2,37,,False,1,1,42,1.67129209702,1,1.0,2,1,True,1,1,0.6490764245733576
2172,1,29.0,True,1.0,False,False,True,3.0,1,,2,5,40,,False,1,2,29,0.912605787100002,1,1.0,2,1,False,3,2,0.4092546370180767
2174,1,20.0,True,1.0,False,True,True,1.0,2,,3,6,69,,True,4,2,39,1.836026730775,0,2.0,3,4,False,3,2,0.3483251919970561
2175,2,30.0,True,1.0,False,False,True,3.0,1,,3,7,72,,False,1,1,17,0.42821718086,1,1.0,3,1,True,3,2,0.4940945771976026
2178,2,10.0,True,1.0,False,False,True,3.0,1,,4,7,81,,False,1,1,29,0.42821718086,1,1.0,3,1,True,3,2,0.4940945771976026
2180,2,20.0,True,1.0,False,False,True,1.0,2,,1,7,39,,False,1,1,34,0.49465035275,0,2.0,2,1,True,3,1,0.5017550319222035
2181,2,20.0,True,1.0,False,False,False,3.0,4,2.0,3,8,30,,False,2,2,26,0.556026142,0,2.0,1,2,False,3,2,0.0680827394291932
2187,2,3.0,True,4.0,False,False,False,2.0,3,1.0,3,4,50,,False,9,1,42,1.961394266,1,3.0,2,9,True,3,1,0.5615960989441215
2194,2,30.0,True,1.0,True,False,True,3.0,3,3.0,2,8,48,,False,1,1,47,0.400304182,1,3.0,2,1,True,3,3,0.5017550319222035
2200,2,20.0,True,2.0,False,False,False,2.0,3,3.0,3,7,50,,False,1,1,25,0.48258571,0,3.0,2,1,True,3,1,0.5017550319222035
2211,1,20.0,True,1.0,False,False,True,1.0,2,,3,3,58,,False,1,2,26,1.275454390675,0,2.0,3,1,False,1,2,0.5489726726016116
2217,2,20.0,True,1.0,False,False,False,1.0,3,2.0,1,7,43,,False,1,1,25,0.48258571,0,3.0,2,1,True,3,1,0.5017550319222035
2218,2,3.0,True,1.0,False,True,False,1.0,2,,3,8,52,,False,1,2,21,0.478607773325,0,2.0,2,1,False,3,3,0.4092546370180767
2224,2,1.0,True,1.0,True,False,True,3.0,4,1.0,4,7,54,,False,1,2,1,0.466934413,1,1.0,2,1,False,3,3,0.4092546370180767
2227,2,20.0,True,1.0,False,False,True,1.0,2,,1,8,49,,False,1,2,39,0.49677890465,0,2.0,2,1,False,3,2,0.4092546370180767
2231,1,20.0,True,1.0,True,False,True,1.0,1,,4,5,64,,False,1,2,39,0.90402611936,1,1.0,3,1,False,3,2,0.4017733184599421
2235,2,3.0,True,1.0,False,True,True,3.0,2,,1,6,84,,False,1,1,33,0.941486171349997,0,2.0,3,1,True,3,1,0.4940945771976026
2238,2,20.0,True,1.0,False,False,True,1.0,2,,3,5,42,,False,2,2,9,1.07814317295,0,2.0,2,2,False,3,1,0.0790572171433126
2247,1,20.0,True,1.0,False,True,True,1.0,2,,1,8,47,,False,2,2,17,0.48312291985,0,2.0,2,2,False,3,2,0.0790572171433126
2252,2,2.0,True,1.0,True,False,True,3.0,1,,4,3,63,,False,1,1,39,1.04544547702,1,1.0,3,1,True,1,2,0.6383140764053872
2260,2,30.0,True,2.0,False,False,True,3.0,4,1.0,1,3,59,,False,1,1,55,1.066781099,1,1.0,3,1,True,1,2,0.6383140764053872
2265,2,20.0,True,3.0,False,False,True,2.0,1,,2,6,63,,False,1,1,9,0.900152632120002,1,1.0,3,1,True,3,1,0.4940945771976026
2267,2,28.0,True,3.0,False,False,False,3.0,1,,2,2,32,,False,1,1,33,2.38194234963999,1,1.0,1,1,True,1,1,0.6232752821548939
2268,1,1.0,True,1.0,False,True,False,3.0,3,3.0,3,8,52,,False,2,2,55,0.471339434,0,3.0,2,2,False,3,2,0.0790572171433126
2288,2,29.0,True,4.0,False,False,False,2.0,3,2.0,1,3,48,,True,1,2,48,3.526609358,0,3.0,2,4,False,1,3,0.4051496639044034
2297,2,20.0,True,1.0,False,False,True,1.0,1,,4,7,69,,False,1,1,48,0.45407762862,1,1.0,3,1,True,3,3,0.4940945771976026
2303,1,20.0,True,1.0,True,False,True,3.0,3,2.0,3,3,76,,False,1,1,39,1.066781099,1,3.0,3,1,True,1,2,0.6383140764053872
2310,1,13.0,True,1.0,False,False,False,3.0,1,,4,8,57,,False,1,1,39,0.42821718086,1,1.0,3,1,True,3,2,0.4940945771976026
2312,2,1.0,True,1.0,False,False,True,3.0,1,,4,7,57,,False,1,1,48,0.45407762862,1,1.0,3,1,True,3,3,0.4940945771976026
2320,2,1.0,True,1.0,False,False,True,3.0,2,,3,8,30,,False,1,1,34,0.583525390599999,0,2.0,1,1,True,3,1,0.4589593559582667
2325,1,30.0,True,1.0,False,True,True,3.0,2,,1,5,42,,False,2,2,34,1.07814317295,0,2.0,2,2,False,3,1,0.0790572171433126
2327,2,20.0,True,1.0,True,False,True,3.0,1,,2,7,31,,True,1,1,48,0.9890705811,1,1.0,1,4,True,3,3,0.3959243556474406
2328,2,30.0,True,1.0,False,False,False,3.0,1,,4,6,27,,False,1,1,12,1.1907831089,1,1.0,1,1,True,3,3,0.4589593559582667
2336,1,9.0,True,1.0,False,False,True,1.0,3,2.0,3,3,62,,False,1,1,25,1.239014091,0,3.0,3,1,True,1,1,0.6383140764053872
2338,2,20.0,True,1.0,True,False,True,3.0,1,,2,7,32,,False,1,2,27,0.56030795772,1,1.0,1,1,False,3,2,0.3689259300784175
2344,1,20.0,True,1.0,False,True,True,1.0,2,,1,4,58,,False,2,1,13,1.02449602185,0,2.0,3,2,True,3,3,0.1107553113143782
2349,2,10.0,True,1.0,True,False,True,1.0,1,,4,7,63,,False,1,2,48,0.52965839598,1,1.0,3,1,False,3,3,0.4017733184599421
2372,2,20.0,True,1.0,True,False,True,3.0,1,,4,4,35,,False,1,1,42,1.67129209702,1,1.0,2,1,True,3,1,0.5017550319222035
2378,1,20.0,True,1.0,False,True,True,1.0,3,2.0,4,8,54,,False,2,2,34,0.547437708,0,3.0,2,2,False,3,1,0.0790572171433126
2397,2,20.0,True,1.0,False,False,True,1.0,3,1.0,2,7,63,,False,1,1,49,0.463344519,1,3.0,3,1,True,3,4,0.4940945771976026
2401,1,20.0,True,1.0,False,False,False,3.0,4,3.0,3,7,44,,False,1,1,38,0.415502388,0,3.0,2,1,True,3,2,0.5017550319222035
2404,1,13.0,True,1.0,False,False,True,1.0,3,9.0,3,3,61,,False,1,1,29,1.066781099,0,3.0,3,1,True,1,2,0.6383140764053872
2409,2,20.0,True,1.0,False,False,True,3.0,1,,3,7,64,,False,1,1,35,0.45407762862,1,1.0,3,1,True,3,4,0.4940945771976026
2426,2,30.0,True,1.0,True,False,True,3.0,1,,3,3,55,,False,1,1,4,1.10858093528,1,1.0,3,1,True,1,4,0.6383140764053872
2431,2,13.0,True,1.0,False,True,False,1.0,9,2.0,3,7,27,,False,1,2,6,0.656920194,0,2.0,1,1,False,3,4,0.3689259300784175
2437,1,18.0,True,1.0,False,False,False,1.0,2,,1,7,49,,False,1,2,27,0.49677890465,0,2.0,2,1,False,3,2,0.4092546370180767
2466,2,15.0,True,1.0,True,False,False,2.0,1,,2,7,52,,False,1,2,53,0.5457292778,1,1.0,2,1,False,3,4,0.4092546370180767
2492,1,13.0,True,1.0,False,True,True,1.0,2,,3,5,65,,False,1,1,36,0.941486171349997,0,2.0,3,1,True,3,1,0.4940945771976026
2501,1,20.0,True,1.0,True,False,True,1.0,3,1.0,2,8,63,,False,1,2,25,0.591976819,1,3.0,3,1,False,3,1,0.4017733184599421
2526,2,20.0,True,1.0,False,False,True,1.0,2,,3,7,52,,False,9,1,6,0.562791986825,0,2.0,2,9,True,3,4,0.5615960989441215
2530,1,20.0,True,1.0,False,True,False,3.0,2,,2,5,75,,False,2,2,37,0.885910535025002,0,2.0,3,2,False,3,3,0.0768634545783466
2559,2,28.0,True,1.0,False,False,False,1.0,3,2.0,1,7,52,,False,1,1,8,0.440594977,0,3.0,2,1,True,3,4,0.5017550319222035
2562,1,20.0,True,1.0,False,True,True,1.0,2,,3,8,57,,True,1,2,12,0.977337285775,0,2.0,3,4,False,3,3,0.3483251919970561
2564,1,13.0,True,1.0,False,False,True,3.0,2,,1,5,32,,False,2,2,51,1.41283259765,0,2.0,1,2,False,3,3,0.0680827394291932
2567,1,30.0,True,1.0,True,False,True,3.0,1,,4,3,58,,False,1,2,47,1.17485358424,1,1.0,3,1,False,1,3,0.5489726726016116
2583,1,13.0,True,1.0,False,False,False,1.0,4,3.0,2,7,60,,False,2,2,21,0.47754562,0,3.0,3,2,False,3,3,0.0768634545783466
2589,2,20.0,True,1.0,True,False,True,1.0,3,1.0,2,3,69,,False,1,2,51,1.198830188,1,3.0,3,1,False,1,3,0.5489726726016116
2603,1,6.0,True,1.0,False,False,True,1.0,3,2.0,3,6,63,,False,1,1,24,0.918523094,1,3.0,3,1,True,3,3,0.4940945771976026
2612,2,1.0,True,1.0,False,True,False,3.0,3,2.0,3,8,64,,True,4,1,32,0.899713551,0,3.0,3,4,True,3,4,0.4295447375457845
2616,1,20.0,True,1.0,True,False,False,1.0,1,,2,3,62,,False,9,1,42,1.3964999951,1,1.0,3,9,True,1,1,0.7124154710213846
2629,2,20.0,True,1.0,True,False,True,3.0,1,,4,3,69,,False,1,1,53,1.2011943643,1,1.0,3,1,True,1,4,0.6383140764053872
2633,2,20.0,True,1.0,False,False,False,3.0,3,1.0,2,7,41,,False,1,2,12,0.466934413,1,3.0,2,1,False,3,3,0.4092546370180767
2640,2,13.0,True,1.0,False,False,False,3.0,1,,3,8,41,,False,1,1,53,0.46785523988,0,1.0,2,1,True,3,4,0.5017550319222035
2647,2,20.0,True,1.0,False,False,True,3.0,3,3.0,3,8,70,,False,1,1,6,0.502053397,0,3.0,3,1,True,3,4,0.4940945771976026
2648,2,30.0,True,1.0,True,False,True,3.0,1,,4,5,79,,False,1,2,6,1.03870656386,1,1.0,3,1,False,3,4,0.4017733184599421
2678,1,30.0,True,1.0,True,False,True,1.0,1,,2,5,20,,False,1,2,37,1.38898776786,1,1.0,1,1,False,3,3,0.3689259300784175
2680,1,2.0,True,1.0,True,False,False,1.0,1,,4,5,86,,False,1,2,4,0.958621126539998,1,1.0,3,1,False,3,4,0.4017733184599421
2684,2,20.0,True,1.0,False,False,False,3.0,3,2.0,3,8,99,3.0,False,1,1,32,0.463344519,0,3.0,3,1,True,3,4,0.4940945771976026
2693,2,6.0,True,1.0,False,False,True,3.0,2,,1,5,69,,False,1,1,4,0.859565606800002,0,2.0,3,1,True,3,4,0.4940945771976026
2695,2,5.0,True,1.0,False,False,True,3.0,1,,3,5,76,,False,1,2,8,0.958621126539998,1,1.0,3,1,False,3,4,0.4017733184599421
2696,2,6.0,True,1.0,False,True,True,1.0,2,,1,3,84,,False,1,2,6,1.4654696584,0,2.0,3,1,False,1,4,0.5489726726016116
2703,1,10.0,True,1.0,True,False,True,1.0,1,,4,7,44,,False,1,2,6,0.5457292778,1,1.0,2,1,False,3,4,0.4092546370180767
2711,1,30.0,True,1.0,False,False,False,2.0,1,,2,5,63,,False,1,2,53,1.03870656386,1,1.0,3,1,False,3,4,0.4017733184599421
2712,2,20.0,True,1.0,False,False,True,3.0,3,2.0,3,3,47,,False,1,1,6,1.687086106,0,3.0,2,1,True,1,4,0.6490764245733576
2719,1,20.0,True,1.0,False,False,False,3.0,3,2.0,3,7,41,,False,1,2,6,0.55686661,0,3.0,2,1,False,3,4,0.4092546370180767
2731,1,20.0,True,1.0,False,False,True,1.0,1,,2,7,74,,False,1,2,6,0.57390729032,0,1.0,3,1,False,3,4,0.4017733184599421
2735,2,20.0,True,1.0,False,True,False,1.0,2,,3,8,28,,False,1,2,29,0.586036384349997,0,2.0,1,1,False,3,2,0.3689259300784175
2737,1,20.0,True,1.0,False,False,True,3.0,1,,2,6,99,3.0,False,1,1,6,0.890486050299999,1,1.0,3,1,True,3,4,0.4940945771976026
2738,1,20.0,True,1.0,False,True,True,1.0,2,,3,8,99,3.0,False,1,2,6,0.600260176100002,0,2.0,3,1,False,3,4,0.4017733184599421
2742,2,2.0,True,1.0,False,False,False,3.0,2,,3,5,72,,False,1,2,36,1.098195603625,0,2.0,3,1,False,3,1,0.4017733184599421
2743,2,3.0,True,1.0,False,True,True,1.0,3,2.0,3,8,58,,False,1,2,36,0.591976819,0,3.0,3,1,False,3,1,0.4017733184599421
2744,2,10.0,True,1.0,False,False,False,2.0,2,,3,7,65,,False,1,1,34,0.520190971675,0,2.0,3,1,True,3,1,0.4940945771976026
2747,2,20.0,True,2.0,False,False,True,1.0,3,1.0,2,5,41,,False,1,1,4,0.846559339,1,3.0,2,1,True,3,4,0.5017550319222035
2755,2,20.0,True,1.0,False,False,True,3.0,2,,2,3,47,,True,2,1,36,3.394301225775,0,2.0,2,4,True,1,1,0.4857144663296094
2756,2,20.0,True,1.0,False,False,False,3.0,3,3.0,3,8,65,,False,1,1,36,0.507503387,0,3.0,3,1,True,3,1,0.4940945771976026
2765,2,30.0,True,1.0,False,False,False,3.0,4,1.0,3,7,41,,True,1,1,42,0.937075729,1,1.0,2,4,True,3,1,0.4368002123547066
2769,2,20.0,True,1.0,False,True,True,1.0,4,2.0,2,8,70,,True,1,2,37,0.953499791,0,2.0,3,4,False,3,3,0.3483251919970561
2782,2,1.0,True,1.0,False,False,True,2.0,2,,3,5,65,,True,4,2,24,2.132455281425,0,2.0,3,4,False,3,3,0.3483251919970561
2785,2,3.0,True,1.0,False,False,True,1.0,1,,2,3,29,,False,1,1,45,1.97581789972,1,1.0,1,1,True,1,3,0.6232752821548939
2787,2,13.0,True,1.0,False,False,True,3.0,2,,3,8,49,,True,1,1,12,0.796735602674999,0,2.0,2,4,True,3,3,0.4368002123547066
2803,2,20.0,True,1.0,False,False,False,1.0,2,,3,8,30,,False,1,1,36,0.583525390599999,0,2.0,1,1,True,3,1,0.4589593559582667
2816,2,1.0,True,1.0,False,False,True,3.0,1,,2,3,30,,False,5,1,12,3.92,1,1.0,1,9,True,1,3,0.6998269341486337
2823,2,20.0,True,1.0,True,False,True,3.0,1,,2,7,43,,False,1,1,42,0.4729339958,1,1.0,2,1,True,3,1,0.5017550319222035
2835,2,30.0,True,1.0,False,False,True,3.0,2,,2,5,80,,False,2,1,12,0.759493586824998,0,2.0,3,2,True,3,3,0.1107553113143782
2839,2,28.0,True,1.0,False,False,False,2.0,2,,1,7,23,,False,2,2,12,0.549080067775,0,2.0,1,2,False,3,3,0.0680827394291932
2841,2,20.0,True,3.0,False,False,True,3.0,2,,4,6,26,,False,1,1,39,1.29274793545,1,2.0,1,1,True,3,2,0.4589593559582667
2848,2,3.0,True,1.0,False,True,True,1.0,2,,1,8,70,,False,2,2,12,0.4894842605,0,2.0,3,2,False,3,3,0.0768634545783466
2850,2,20.0,True,1.0,False,False,False,2.0,3,3.0,2,8,49,,False,2,2,37,0.454098825,0,3.0,2,2,False,3,3,0.0790572171433126
2853,2,20.0,True,1.0,False,True,True,1.0,2,,3,8,40,,False,2,2,13,0.465451295625,0,2.0,2,2,False,3,3,0.0790572171433126
2854,2,20.0,True,1.0,False,False,True,3.0,3,2.0,3,7,45,,False,2,1,42,0.469319883,0,3.0,2,2,True,3,1,0.113641149893248
2855,2,13.0,True,1.0,False,True,True,1.0,2,,3,6,62,,False,1,1,12,0.780961483049998,0,2.0,3,1,True,3,3,0.4940945771976026
2860,2,6.0,True,1.0,True,False,True,3.0,4,1.0,4,3,59,,False,1,1,51,1.027760482,1,1.0,3,1,True,1,3,0.6383140764053872
2863,2,20.0,True,1.0,False,False,False,1.0,2,,3,8,64,,False,2,1,51,0.419636228975,0,2.0,3,2,True,3,3,0.1107553113143782
2869,2,2.0,True,1.0,False,False,False,3.0,3,2.0,3,5,22,,False,2,2,26,1.430705474,0,3.0,1,2,False,3,2,0.0680827394291932
2872,2,1.0,True,2.0,False,False,False,1.0,3,2.0,1,3,34,,False,1,1,34,2.430553418,0,3.0,1,1,True,1,1,0.6232752821548939
2877,2,10.0,True,1.0,True,False,True,1.0,1,,4,7,33,,False,1,1,51,0.46278325674,1,1.0,1,1,True,3,3,0.4589593559582667
2888,2,2.0,True,1.0,False,False,False,1.0,2,,1,7,26,,False,1,2,36,0.680652608124998,0,2.0,1,1,False,3,1,0.3689259300784175
2896,2,18.0,True,1.0,False,True,True,3.0,2,,2,5,32,,False,2,2,34,1.703236820475,0,2.0,1,2,False,3,1,0.0680827394291932
2904,2,20.0,True,1.0,False,False,True,1.0,1,,2,7,40,,False,1,1,42,0.4729339958,1,1.0,2,1,True,3,1,0.5017550319222035
2906,2,20.0,True,1.0,False,False,False,1.0,1,,2,7,47,,False,1,1,42,0.4729339958,1,1.0,2,1,True,3,1,0.5017550319222035
2910,2,2.0,True,1.0,False,False,False,3.0,2,,1,8,33,,False,1,1,47,0.484033508325,0,2.0,1,1,True,3,3,0.4589593559582667
2915,1,1.0,True,1.0,False,True,True,3.0,2,,1,7,66,,False,1,2,12,0.5033200549,0,2.0,3,1,False,3,3,0.4017733184599421
2916,1,15.0,True,1.0,True,False,True,3.0,1,,4,3,71,,False,1,1,39,1.04544547702,1,1.0,3,1,True,1,2,0.6383140764053872
2919,2,1.0,True,1.0,False,False,False,2.0,3,2.0,3,7,26,,True,4,2,36,1.2894422,0,3.0,1,4,False,3,1,0.3176068230824714
2993,1,20.0,True,1.0,False,False,True,2.0,2,,3,8,42,,False,1,2,37,0.478607773325,0,2.0,2,1,False,3,3,0.4092546370180767
2998,2,15.0,True,1.0,False,False,True,3.0,1,,2,3,40,,False,1,1,13,1.38633449332,1,1.0,2,1,True,1,3,0.6490764245733576
3017,2,28.0,True,4.0,False,False,False,2.0,3,3.0,3,7,42,,False,1,2,51,0.466934413,0,3.0,2,1,False,3,3,0.4092546370180767
3019,2,14.0,True,1.0,False,False,True,3.0,4,1.0,3,7,45,,False,1,1,47,0.400304182,1,1.0,2,1,True,3,3,0.5017550319222035
3034,2,17.0,True,1.0,True,False,True,1.0,1,,2,2,33,,False,1,1,39,2.05083307576,1,1.0,1,1,True,1,2,0.6232752821548939
3051,1,15.0,True,1.0,True,False,True,3.0,1,,2,7,40,,False,1,2,37,0.45759572474,1,1.0,2,1,False,3,3,0.4092546370180767
3061,1,13.0,True,1.0,False,False,True,3.0,2,,3,7,30,,False,1,1,17,0.50241063595,0,2.0,1,1,True,3,2,0.4589593559582667
3080,2,20.0,True,2.0,True,False,True,3.0,1,,4,6,45,,False,1,1,45,0.753761699179997,1,1.0,2,1,True,3,3,0.5017550319222035
3086,1,20.0,True,1.0,False,False,False,2.0,3,2.0,3,8,99,9.0,False,1,2,47,0.861564083,0,3.0,3,1,False,3,3,0.4017733184599421
3090,1,1.0,True,1.0,False,False,True,2.0,3,2.0,3,5,29,,False,1,1,17,1.261217498,0,3.0,1,1,True,3,2,0.4589593559582667
3094,2,20.0,True,1.0,True,False,True,1.0,1,,2,6,37,,False,1,1,39,0.782379501400001,1,1.0,2,1,True,3,2,0.5017550319222035
3098,1,20.0,True,1.0,False,False,False,3.0,3,2.0,3,7,43,,False,1,2,18,0.484662346,0,3.0,2,1,False,3,2,0.4092546370180767
3099,1,20.0,True,1.0,True,False,False,3.0,1,,4,3,34,,False,1,1,55,2.05083307576,1,1.0,1,1,True,1,2,0.6232752821548939
3100,2,13.0,True,1.0,False,False,False,3.0,4,1.0,2,7,39,,False,1,1,39,0.415502388,1,1.0,2,1,True,3,2,0.5017550319222035
3102,2,20.0,True,1.0,False,False,False,2.0,3,1.0,3,8,37,,False,2,1,1,0.4,0,3.0,2,2,True,3,3,0.113641149893248
3108,1,20.0,True,1.0,False,False,True,3.0,3,2.0,1,8,35,,False,1,2,44,0.562911619,0,3.0,2,1,False,3,1,0.4092546370180767
3123,1,15.0,True,1.0,False,False,True,1.0,2,,3,7,54,,False,1,2,39,0.49677890465,0,2.0,2,1,False,3,2,0.4092546370180767
3129,2,3.0,True,2.0,False,False,False,1.0,4,2.0,3,1,25,,False,1,1,18,2.092686812,0,2.0,1,1,True,1,2,0.6232752821548939
3133,1,20.0,True,1.0,False,False,True,3.0,1,,4,6,36,,False,1,2,26,0.912605787100002,1,1.0,2,1,False,3,2,0.4092546370180767
3143,2,17.0,True,1.0,True,False,True,1.0,4,1.0,4,8,37,,False,1,1,55,0.415502388,1,1.0,2,1,True,3,2,0.5017550319222035
3149,1,1.0,True,2.0,False,False,False,2.0,1,,3,7,47,,True,1,1,29,0.790678322700001,1,1.0,2,4,True,3,2,0.4368002123547066
3171,2,10.0,True,1.0,False,False,False,2.0,3,2.0,3,8,31,,True,2,1,18,0.951776969,0,3.0,1,4,True,3,2,0.3959243556474406
3177,1,20.0,True,1.0,False,False,False,2.0,1,,3,6,53,,False,1,2,55,0.912605787100002,1,1.0,2,1,False,3,2,0.4092546370180767
3183,2,20.0,True,1.0,True,False,True,1.0,1,,4,5,32,,True,4,2,18,2.79951017626,1,1.0,1,4,False,3,2,0.3176068230824714
3191,2,20.0,True,1.0,False,False,True,2.0,1,,4,7,41,,False,1,2,29,0.47496909908,1,1.0,2,1,False,3,2,0.4092546370180767
3195,2,13.0,True,1.0,False,False,False,1.0,1,,4,7,45,,False,1,2,48,0.50365293958,1,1.0,2,1,False,3,3,0.4092546370180767
3217,2,1.0,True,3.0,False,False,True,2.0,4,2.0,2,3,26,,False,1,2,48,2.58842753,1,2.0,1,1,False,1,3,0.5334219750154965
3227,1,20.0,True,2.0,False,True,True,1.0,2,,3,3,52,,True,1,2,48,3.61477459195001,0,2.0,2,4,False,1,3,0.4051496639044034
3234,2,1.0,True,2.0,False,False,False,2.0,9,3.0,3,3,47,,False,2,2,48,1.766247742,0,3.0,2,2,False,1,3,0.1489889958702193
3239,1,13.0,True,1.0,False,False,True,3.0,3,2.0,3,6,28,,False,1,2,48,1.559989806,0,3.0,1,1,False,3,3,0.3689259300784175
3241,1,9.0,True,1.0,False,True,True,1.0,2,,1,6,53,,False,2,2,22,0.894318276899998,0,2.0,2,2,False,3,3,0.0790572171433126
3251,2,30.0,True,1.0,True,False,True,3.0,1,,3,6,31,,False,1,2,48,1.52879000988,1,1.0,1,1,False,3,3,0.3689259300784175
3274,1,20.0,True,1.0,False,False,True,1.0,1,,4,7,99,2.0,False,9,1,48,0.496597164,1,1.0,3,9,True,3,3,0.55438178108617
3295,2,10.0,True,1.0,False,False,False,2.0,4,2.0,3,8,46,,False,2,2,48,0.499804076,0,2.0,2,2,False,3,3,0.0790572171433126
3300,2,30.0,True,1.0,False,False,True,2.0,1,,3,8,21,,True,1,1,35,0.9890705811,1,1.0,1,4,True,3,4,0.3959243556474406
3312,1,28.0,True,2.0,False,False,True,3.0,1,,4,3,49,,True,1,2,48,3.45607717084,1,1.0,2,4,False,1,3,0.4051496639044034
3337,2,8.0,True,1.0,True,False,True,1.0,1,,4,7,38,,False,1,1,22,0.39229809836,1,1.0,2,1,True,3,3,0.5017550319222035
3345,1,10.0,True,1.0,False,False,False,2.0,1,,3,8,99,9.0,False,1,2,48,0.929315277100002,0,1.0,3,1,False,3,3,0.4017733184599421
3346,1,30.0,True,1.0,True,False,True,1.0,1,,4,8,43,,False,1,1,48,0.43178307746,1,1.0,2,1,True,3,3,0.5017550319222035
3360,1,20.0,True,1.0,False,False,True,2.0,3,3.0,3,5,37,,False,3,2,48,2.792242355,0,3.0,2,3,False,3,3,0.2383888487950067
3361,2,13.0,True,1.0,False,False,False,2.0,1,,3,7,35,,False,1,2,22,0.45759572474,1,1.0,2,1,False,3,3,0.4092546370180767
3362,2,30.0,True,1.0,False,False,False,3.0,1,,4,5,99,2.0,False,1,1,5,0.753761699179997,1,1.0,3,1,True,3,3,0.4940945771976026
3368,1,20.0,True,1.0,False,False,True,3.0,3,2.0,3,8,60,,False,1,2,49,0.540467751,0,3.0,3,1,False,3,4,0.4017733184599421
3372,1,13.0,True,2.0,False,False,True,3.0,3,1.0,2,7,65,,False,1,1,4,0.463344519,1,3.0,3,1,True,3,4,0.4940945771976026
3376,1,3.0,True,2.0,False,False,False,2.0,2,,1,7,25,,True,5,1,4,1.034487087375,0,2.0,1,4,True,3,4,0.3959243556474406
3377,2,20.0,True,1.0,False,False,True,3.0,1,,4,5,41,,False,1,2,49,0.9677189291,1,1.0,2,1,False,3,4,0.4092546370180767
3379,2,28.0,True,1.0,False,False,True,3.0,1,,1,7,60,,False,1,2,49,0.52965839598,0,1.0,3,1,False,3,4,0.4017733184599421
3380,1,20.0,True,1.0,False,False,True,3.0,1,,3,8,47,,False,1,2,35,0.50365293958,1,1.0,2,1,False,3,4,0.4092546370180767
3388,2,13.0,True,2.0,True,False,True,3.0,1,,2,7,54,,False,1,2,49,0.50365293958,1,1.0,2,1,False,3,4,0.4092546370180767
3391,2,20.0,True,1.0,False,False,True,3.0,3,3.0,2,3,78,,False,1,2,4,1.319492984,0,3.0,3,1,False,1,4,0.5489726726016116
3395,2,20.0,True,1.0,False,False,True,3.0,1,,3,7,57,,False,1,2,8,0.52965839598,1,1.0,3,1,False,3,4,0.4017733184599421
3403,2,1.0,True,2.0,False,False,True,1.0,3,1.0,4,8,70,,False,1,1,16,0.463344519,1,3.0,3,1,True,3,4,0.4940945771976026
3406,2,30.0,True,2.0,True,False,True,1.0,3,1.0,4,5,99,9.0,False,9,2,32,1.090625426,1,3.0,3,9,False,3,4,0.4791533282102547
3416,2,3.0,True,1.0,False,True,True,3.0,3,2.0,3,7,62,,False,1,1,41,0.502053397,0,3.0,3,1,True,3,4,0.4940945771976026
3420,1,20.0,True,1.0,False,True,True,1.0,2,,1,8,73,,False,1,1,8,0.474928131975,0,2.0,3,1,True,3,4,0.4940945771976026
3422,2,3.0,True,1.0,False,True,False,1.0,2,,4,7,73,,False,3,2,32,1.566475477975,0,2.0,3,3,False,3,4,0.2331238574976277
3424,2,10.0,True,2.0,False,False,False,3.0,2,,3,8,35,,False,1,2,6,0.570788275250001,0,2.0,2,1,False,3,4,0.4092546370180767
3428,2,13.0,True,1.0,False,False,True,3.0,2,,3,7,99,2.0,False,1,2,41,0.570788275250001,0,2.0,3,1,False,3,4,0.4017733184599421
3437,2,1.0,True,1.0,False,False,False,3.0,2,,3,6,55,,False,1,2,6,1.086402273425,0,2.0,3,1,False,3,4,0.4017733184599421
3439,2,20.0,True,1.0,False,False,True,3.0,2,,1,7,43,,False,1,2,6,0.570788275250001,0,2.0,2,1,False,3,4,0.4092546370180767
3442,2,1.0,True,1.0,False,False,True,1.0,4,3.0,1,6,36,,False,2,2,6,1.040551397,0,3.0,2,2,False,3,4,0.0790572171433126
3443,1,30.0,True,2.0,True,False,True,3.0,2,,3,3,94,,False,1,1,32,1.1594851619,1,2.0,3,1,True,1,4,0.6383140764053872
3447,2,20.0,True,1.0,False,True,True,1.0,2,,3,8,58,,False,1,2,6,0.600260176100002,0,2.0,3,1,False,3,4,0.4017733184599421
3454,2,6.0,True,2.0,False,False,True,3.0,3,1.0,3,8,51,,False,1,1,6,0.477403306,1,3.0,2,1,True,3,4,0.5017550319222035
3456,2,9.0,True,1.0,False,False,True,2.0,4,2.0,1,7,54,,True,4,1,6,0.927012636,0,2.0,2,4,True,3,4,0.4368002123547066
3461,2,20.0,True,2.0,False,False,True,3.0,2,,1,4,60,,False,1,1,6,1.256351248375,0,2.0,3,1,True,3,4,0.4940945771976026
3476,2,28.0,True,1.0,False,False,False,3.0,2,,1,3,23,,True,4,2,6,4.1,0,2.0,1,4,False,1,4,0.3802000799509544
3486,2,5.0,True,1.0,False,False,False,1.0,1,,4,7,44,,True,1,1,6,0.908472383279999,1,1.0,2,4,True,3,4,0.4368002123547066
3490,2,30.0,True,1.0,False,False,True,3.0,2,,3,6,41,,False,1,1,6,0.940214946875002,0,2.0,2,1,True,3,4,0.5017550319222035
3511,2,28.0,True,1.0,False,False,True,3.0,1,,2,6,39,,False,1,2,22,0.879224580219998,1,1.0,2,1,False,3,3,0.4092546370180767
3520,2,1.0,True,1.0,False,False,True,1.0,2,,1,7,27,,False,2,1,6,0.56139070625,0,2.0,1,2,True,3,4,0.0983132717059409
3521,2,3.0,True,1.0,False,False,True,1.0,2,,3,6,52,,False,1,2,53,1.0967127843,0,2.0,2,1,False,3,4,0.4092546370180767
3523,2,20.0,True,1.0,False,True,True,2.0,4,3.0,3,8,99,1.0,False,9,2,1,0.633513589,0,3.0,3,9,False,3,3,0.4791533282102547
3525,2,9.0,True,2.0,False,False,True,1.0,3,2.0,3,5,21,,False,1,2,6,1.690314982,0,3.0,1,1,False,3,4,0.3689259300784175
3541,2,20.0,True,3.0,False,False,False,2.0,4,2.0,4,7,45,,False,1,2,49,0.513931571,0,2.0,2,1,False,3,4,0.4092546370180767
3559,2,1.0,True,2.0,False,False,False,3.0,2,,3,5,28,,False,1,1,6,1.485339569375,0,2.0,1,1,True,3,4,0.4589593559582667
3599,1,17.0,True,1.0,False,False,True,3.0,4,3.0,2,6,54,,False,5,2,53,3.025512774,0,3.0,2,9,False,3,4,0.4864516248744941
3602,2,20.0,True,1.0,False,False,True,1.0,3,1.0,3,6,50,,False,1,2,32,0.987468295,1,3.0,2,1,False,3,4,0.4092546370180767
3603,1,28.0,True,1.0,True,False,True,1.0,1,,4,7,54,,False,1,1,53,0.46785523988,1,1.0,2,1,True,3,4,0.5017550319222035
3630,2,20.0,True,1.0,False,False,False,1.0,2,,1,7,40,,False,1,2,53,0.570788275250001,0,2.0,2,1,False,3,4,0.4092546370180767
3663,1,20.0,True,1.0,False,False,False,1.0,9,2.0,3,7,47,,False,1,2,41,0.55686661,0,2.0,2,1,False,3,4,0.4092546370180767
3697,1,28.0,True,1.0,False,False,True,1.0,1,,4,7,54,,False,1,1,6,0.46785523988,1,1.0,2,1,True,3,4,0.5017550319222035
3699,1,15.0,True,1.0,False,False,False,3.0,2,,3,8,52,,True,1,2,6,1.108345787075,0,2.0,2,4,False,3,4,0.3549324737949213
