RESPID,PHTYPE,approve_trump,approve_biden,optimistic,party,party_unaffiliated,state,FINALWGT,vote_choice_recoded,male,registered_vote_True,region_2,region_3,region_4,economic_situation_2,economic_situation_3,economic_situation_9,likely_to_vote_2.0,likely_to_vote_3.0,likely_to_vote_4.0,likely_to_vote_9.0,education_recoded_2,education_recoded_3,elec_enthusiasm_2.0,elec_enthusiasm_3.0,elec_enthusiasm_9.0,political_leaning_2,political_leaning_3,political_leaning_4,race_recoded_2,race_recoded_3,race_recoded_4,race_recoded_9,party_recoded_2.0,party_recoded_3.0,age_recoded_2.0,age_recoded_3.0
4,2,False,True,False,2,,37,0.649034757460002,2.0,False,1,0,1,0,0,0,0,0,0,0,0,1,0,0,1,0,0,1,0,1,0,0,0,1,0,0,1
5,2,False,False,True,2,,36,0.58587780566,2.0,True,1,0,0,0,1,0,0,0,0,0,0,1,0,0,1,0,0,0,0,0,0,0,0,1,0,0,1
17,2,False,True,True,2,,13,0.943746318959999,2.0,False,1,0,1,0,1,0,0,0,0,0,0,1,0,0,0,0,0,0,0,1,0,0,0,1,0,1,0
21,2,False,False,False,2,,42,1.35575914042,2.0,False,1,0,0,0,0,0,0,0,0,0,0,0,0,0,1,0,0,0,0,0,0,0,0,1,0,1,0
22,2,False,False,True,1,,9,0.52431693012,2.0,True,1,0,0,0,0,0,0,1,0,0,0,1,0,1,0,0,1,0,0,0,0,0,0,0,0,1,0
32,2,False,False,True,3,2.0,37,0.83531035985,2.0,True,1,0,1,0,1,0,0,0,0,0,0,1,0,0,0,0,0,1,0,0,0,0,0,0,1,0,1
39,2,True,False,True,1,,23,0.56376920922,1.0,True,1,0,0,0,1,0,0,0,0,0,0,1,0,0,0,0,1,0,0,0,0,0,0,0,0,0,1
48,2,True,False,True,1,,4,1.34706982992,1.0,True,1,0,0,1,0,1,0,0,0,0,0,0,0,0,1,0,1,0,0,0,0,0,0,0,0,0,0
49,2,False,False,False,2,,9,0.606233761579999,2.0,False,1,0,0,0,0,0,0,0,0,0,0,1,0,0,1,0,1,0,0,0,0,0,0,1,0,1,0
55,2,False,False,False,3,2.0,37,1.77608392945,2.0,True,1,0,1,0,0,1,0,1,0,0,0,0,1,1,0,0,0,0,1,0,1,0,0,0,1,0,1
57,2,True,False,False,1,,13,0.53825945394,1.0,True,1,0,1,0,1,0,0,0,0,0,0,1,0,0,0,1,1,0,0,0,0,0,0,0,0,0,1
59,2,False,False,False,4,2.0,24,0.584205082100002,2.0,False,1,0,1,0,1,0,0,1,0,0,0,1,0,0,1,0,0,1,0,0,0,0,0,1,0,0,1
63,2,False,False,True,3,1.0,33,0.584205082100002,2.0,False,1,0,0,0,1,0,0,0,0,0,0,1,0,0,0,0,0,1,0,0,0,0,0,0,1,0,1
68,2,False,False,False,3,2.0,12,1.0426776167,2.0,True,1,0,1,0,0,0,0,1,0,0,0,0,0,0,0,0,0,1,0,0,0,0,0,0,1,1,0
74,2,False,False,True,1,,36,0.939364449780002,1.0,True,1,0,0,0,1,0,0,0,0,0,0,1,0,0,1,0,1,0,0,0,0,0,0,0,0,0,1
81,2,False,False,False,3,3.0,12,0.50132007965,2.0,True,1,0,1,0,1,0,0,0,0,0,0,1,0,0,0,0,0,0,0,0,0,0,0,0,1,0,1
82,2,False,True,True,2,,37,1.31190761988,2.0,False,1,0,1,0,1,0,0,0,0,0,0,1,0,0,0,0,0,0,0,0,0,0,1,1,0,1,0
93,2,True,False,True,1,,13,1.23952190814,1.0,True,1,0,1,0,1,0,0,0,0,0,0,0,0,0,0,0,0,1,0,0,0,0,0,0,0,0,1
95,2,False,False,False,3,3.0,51,0.728957846550001,1.0,True,1,0,1,0,0,0,0,0,1,0,0,1,0,1,0,0,0,1,0,0,0,0,0,0,1,1,0
108,2,False,False,False,2,,42,1.08612637014,2.0,False,1,0,0,0,1,0,0,0,0,0,0,1,0,1,0,0,0,1,0,0,0,0,0,1,0,0,1
110,2,False,False,False,4,1.0,36,1.21506715415,1.0,False,1,0,0,0,1,0,0,1,0,0,0,0,0,0,1,0,0,0,1,0,0,0,0,0,0,1,0
114,2,False,True,True,3,2.0,42,0.52507916545,2.0,True,1,0,0,0,1,0,0,0,0,0,0,1,0,0,0,0,1,0,0,0,0,0,0,0,1,0,1
119,2,False,False,True,4,1.0,12,1.07949100495,2.0,True,1,0,1,0,1,0,0,1,0,0,0,0,0,0,1,0,0,1,0,1,0,0,0,0,0,0,0
129,2,False,True,False,2,,54,0.55936766782,2.0,True,1,0,1,0,1,0,0,0,0,0,0,1,0,0,1,0,0,0,0,0,0,0,0,1,0,0,1
141,2,False,False,True,2,,12,0.622354600919999,2.0,False,1,0,1,0,1,0,0,0,0,0,0,1,0,1,0,0,0,0,0,0,0,0,0,1,0,0,1
144,2,False,True,True,2,,13,1.29441296648,2.0,False,1,0,1,0,0,0,0,0,0,0,0,0,0,0,0,0,0,1,0,0,0,0,0,1,0,1,0
157,2,False,True,True,1,,12,0.896859544259999,2.0,True,1,0,1,0,1,0,0,0,0,0,0,1,0,0,0,0,0,1,0,0,0,0,0,0,0,0,1
171,2,False,False,False,1,,42,0.56376920922,1.0,True,1,0,0,0,1,0,0,0,0,0,0,1,0,0,1,0,1,0,0,0,0,0,0,0,0,0,1
187,1,False,False,False,2,,42,1.34917904414,2.0,True,1,0,0,0,1,0,0,0,0,0,0,0,0,0,0,0,1,0,0,0,0,0,0,1,0,0,1
194,1,False,False,True,1,,21,0.9978493485,1.0,False,1,0,1,0,1,0,0,0,0,0,0,1,0,0,1,0,1,0,0,0,0,0,0,0,0,0,1
201,2,False,False,True,4,1.0,37,1.3542298925,1.0,True,1,0,1,0,0,1,0,0,0,0,0,1,0,0,0,0,1,0,0,0,0,0,0,0,0,0,0
203,2,False,False,True,2,,13,1.43317902928,2.0,False,1,0,1,0,1,0,0,0,0,0,0,0,0,0,1,0,0,1,0,0,0,0,0,1,0,0,1
220,2,True,False,True,1,,34,1.44445640052,1.0,False,1,0,0,0,1,0,0,0,0,0,0,0,0,0,0,0,1,0,0,0,0,0,0,0,0,0,1
231,1,True,False,True,3,1.0,39,0.55963313735,1.0,False,1,1,0,0,1,0,0,0,0,0,0,1,0,0,0,0,1,0,0,0,0,0,0,0,1,0,1
242,2,False,False,False,2,,34,0.679794492539998,2.0,False,1,0,0,0,1,0,0,0,0,0,0,1,0,0,0,0,0,0,0,1,0,0,0,1,0,0,1
247,1,False,False,False,1,,48,0.65240342502,2.0,True,1,0,1,0,1,0,0,0,1,0,0,1,0,1,0,0,1,0,0,0,0,0,0,0,0,0,1
257,2,False,True,True,2,,6,0.55547847482,2.0,True,1,0,0,1,1,0,0,0,0,0,0,1,0,0,0,0,0,1,0,0,0,0,0,1,0,0,1
272,2,False,True,True,2,,37,0.622354600919999,2.0,False,1,0,1,0,1,0,0,0,0,0,0,1,0,0,0,0,0,0,0,0,0,0,0,1,0,0,1
275,1,True,False,False,3,1.0,27,0.966935392550001,1.0,False,1,1,0,0,0,0,1,0,0,0,0,0,1,0,0,1,1,0,0,0,0,0,1,0,1,0,1
298,2,False,False,False,1,,1,0.59886952164,1.0,False,1,0,1,0,1,0,0,0,0,0,0,1,0,0,0,0,1,0,0,0,0,0,0,0,0,0,1
301,2,True,False,True,1,,48,0.816024339239998,1.0,True,1,0,1,0,0,1,0,0,0,0,0,1,0,0,0,0,0,1,0,0,0,0,0,0,0,0,0
305,2,False,False,True,3,1.0,36,0.735678106650003,2.0,False,1,0,0,0,1,0,0,0,0,0,0,1,0,1,0,0,0,1,0,0,0,1,0,0,1,1,0
328,1,True,False,True,1,,39,1.3837018743,1.0,False,1,1,0,0,1,0,0,0,0,0,0,0,0,0,0,0,1,0,0,0,0,0,0,0,0,0,1
329,1,True,False,True,1,,37,1.04062685514,1.0,False,1,0,1,0,1,0,0,0,0,0,0,1,0,0,0,0,1,0,0,1,0,0,0,0,0,0,1
334,2,False,False,False,2,,26,0.56123550548,2.0,True,1,1,0,0,1,0,0,0,0,0,0,1,0,0,0,0,0,1,0,0,0,0,0,1,0,0,1
345,2,False,False,True,1,,12,1.11950649372,1.0,True,1,0,1,0,1,0,0,0,0,0,0,0,0,0,1,0,1,0,0,0,0,0,0,0,0,1,0
350,2,False,False,True,2,,51,2.04599528486,2.0,True,1,0,1,0,0,0,0,0,0,0,0,1,0,0,0,0,0,1,0,0,0,1,0,1,0,0,0
355,1,True,False,True,3,1.0,12,0.5577706329,1.0,False,1,0,1,0,1,0,0,0,0,0,0,1,0,0,0,0,0,1,0,0,0,0,0,0,1,0,1
364,2,True,False,False,1,,18,1.3747396443,1.0,True,1,1,0,0,0,1,0,0,0,0,0,0,0,0,0,0,1,0,0,0,0,0,1,0,0,0,1
367,2,False,True,False,2,,37,0.52022340588,2.0,True,1,0,1,0,1,0,0,0,0,0,0,1,0,0,0,0,0,0,0,0,0,0,0,1,0,1,0
368,2,False,False,False,3,3.0,13,0.969211286650003,2.0,False,1,0,1,0,0,0,0,0,0,0,0,1,0,0,1,0,1,0,0,1,0,0,0,0,1,0,1
373,1,False,False,True,3,3.0,1,0.728957846550001,2.0,True,1,0,1,0,1,0,0,0,0,0,0,1,0,0,0,0,0,1,0,0,0,0,0,0,1,1,0
374,2,False,True,True,9,3.0,45,0.649008688,2.0,False,1,0,1,0,0,0,0,0,0,0,0,1,0,0,0,0,0,1,0,0,0,0,1,0,1,0,1
381,1,True,False,True,1,,24,1.29826662738,1.0,True,1,0,1,0,1,0,0,0,0,0,0,0,0,0,0,0,0,1,0,0,0,0,0,0,0,0,1
392,2,False,False,True,2,,17,0.70199176598,2.0,True,1,1,0,0,0,1,0,1,0,0,0,1,0,0,1,0,0,0,0,0,0,0,0,1,0,0,0
395,1,False,True,True,2,,55,1.4379646929,2.0,False,1,1,0,0,1,0,0,0,0,0,0,0,0,0,0,0,0,1,0,0,0,0,0,1,0,0,1
404,1,False,False,True,2,,42,1.50110174956,2.0,False,1,0,0,0,1,0,0,0,0,0,0,0,0,1,0,0,0,0,0,0,0,0,0,1,0,0,1
424,2,False,False,False,2,,21,0.778439355,2.0,False,1,0,1,0,0,1,0,1,0,0,0,1,0,1,0,0,0,0,0,0,0,0,0,1,0,0,0
426,2,False,True,True,3,1.0,42,0.4883343957,2.0,True,1,0,0,0,1,0,0,0,0,0,0,1,0,0,0,0,0,1,0,0,0,0,0,0,1,1,0
428,2,False,True,True,3,3.0,28,0.627049722049998,2.0,True,1,0,1,0,0,0,1,1,0,0,0,1,0,0,0,0,0,0,1,0,0,0,0,0,1,0,1
429,2,True,False,True,1,,47,1.11138759054,1.0,True,1,0,1,0,1,0,0,0,0,0,0,0,0,0,1,0,0,1,0,0,0,0,0,0,0,0,0
434,1,False,False,True,3,2.0,26,0.813749505650003,2.0,False,1,1,0,0,1,0,0,0,0,0,0,1,0,0,0,0,0,1,0,0,0,0,0,0,1,1,0
437,1,False,False,False,2,,17,0.624432763780002,2.0,False,1,1,0,0,1,0,0,0,0,0,0,1,0,0,1,0,0,0,0,0,0,0,0,1,0,0,1
449,1,True,False,True,4,1.0,47,1.15445667915,1.0,True,1,0,1,0,1,0,0,0,0,0,0,0,0,0,1,0,1,0,0,0,0,0,0,0,0,0,1
457,1,False,False,True,1,,36,0.56376920922,1.0,True,1,0,0,0,1,0,0,1,0,0,0,1,0,0,1,0,0,1,0,0,0,0,0,0,0,0,1
460,2,False,False,False,2,,39,1.21733508662,2.0,True,1,1,0,0,0,0,0,0,1,0,0,0,0,0,1,0,0,1,0,1,0,0,0,1,0,1,0
464,2,True,False,True,1,,26,0.994696715160003,1.0,True,1,1,0,0,1,0,0,0,0,0,0,1,0,0,0,0,1,0,0,0,0,0,1,0,0,0,1
485,1,False,False,False,2,,25,0.54487837836,2.0,True,1,0,0,0,0,0,0,0,0,0,0,1,0,0,1,0,0,1,0,0,0,0,0,1,0,1,0
497,2,True,False,True,1,,26,1.0011813621,1.0,False,1,1,0,0,1,0,0,0,0,0,0,1,0,0,1,0,0,1,0,0,0,0,0,0,0,0,1
498,1,False,True,True,2,,55,0.624432763780002,2.0,False,1,1,0,0,1,0,0,0,0,0,0,1,0,0,0,0,0,1,0,0,0,0,0,1,0,0,1
499,2,False,False,False,2,,39,0.58073528032,2.0,False,1,1,0,0,0,0,0,0,1,0,0,1,0,1,0,0,0,1,0,0,0,0,0,1,0,1,0
504,1,False,True,True,2,,42,0.851911266440002,2.0,True,1,0,0,0,0,1,0,0,0,0,0,1,0,0,1,0,0,0,0,0,0,0,0,1,0,1,0
505,1,False,False,False,2,,42,1.08612637014,2.0,False,1,0,0,0,1,0,0,0,0,0,0,1,0,0,0,0,0,1,0,0,0,0,0,1,0,0,1
507,2,False,False,True,1,,42,1.44445640052,1.0,False,1,0,0,0,1,0,0,0,0,0,0,0,0,0,1,0,1,0,0,0,0,0,0,0,0,0,1
510,2,False,True,True,2,,42,0.58587780566,2.0,True,1,0,0,0,1,0,0,0,0,0,0,1,0,0,0,0,0,1,0,0,0,0,0,1,0,0,1
512,1,False,False,True,1,,21,0.9978493485,2.0,False,1,0,1,0,1,0,0,0,0,0,0,1,0,1,0,0,1,0,0,0,0,0,0,0,0,0,1
516,2,False,False,False,2,,36,0.815331968120002,2.0,False,1,0,0,0,1,0,0,0,0,0,0,1,0,0,0,0,0,1,0,0,0,0,0,1,0,0,0
521,1,True,False,True,1,,17,1.2436609131,1.0,True,1,1,0,0,0,1,0,0,0,0,0,0,0,0,0,0,1,0,0,0,0,0,0,0,0,0,1
522,1,True,False,False,1,,55,0.54005680716,1.0,True,1,1,0,0,1,0,0,0,0,0,0,1,0,0,1,0,1,0,0,0,0,0,0,0,0,0,1
529,1,False,False,True,2,,23,0.651849881080001,2.0,False,1,0,0,0,1,0,0,0,0,0,0,1,0,0,0,0,0,1,0,0,0,0,0,1,0,0,1
546,2,False,False,True,3,2.0,26,0.8380996235,2.0,True,1,1,0,0,1,0,0,0,0,0,0,1,0,0,0,0,0,0,0,0,0,0,0,0,1,0,1
553,1,False,True,True,1,,5,0.896859544259999,1.0,True,1,0,1,0,0,1,0,0,0,0,0,1,0,0,1,0,1,0,0,0,0,0,0,0,0,0,1
559,1,False,True,True,3,2.0,19,0.932472837250001,2.0,False,1,1,0,0,1,0,0,0,0,0,0,1,0,0,0,0,0,1,0,0,0,0,0,0,1,0,1
560,1,False,False,False,3,1.0,48,2.10801027765,2.0,False,1,0,1,0,1,0,0,0,1,0,0,0,0,1,0,0,0,1,0,0,0,1,0,0,1,0,1
562,1,False,False,True,2,,1,0.622354600919999,2.0,False,1,0,1,0,0,0,0,0,0,0,0,1,0,0,0,0,0,0,0,0,0,0,0,1,0,0,1
567,1,True,False,True,1,,5,1.23952190814,1.0,True,1,0,1,0,1,0,0,0,0,0,0,0,0,0,0,0,0,1,0,0,0,0,0,0,0,0,1
569,1,False,True,False,2,,19,1.2924319293,2.0,True,1,1,0,0,1,0,0,0,0,0,0,0,0,0,1,0,0,1,0,0,0,0,0,1,0,0,1
587,1,False,False,True,3,3.0,48,0.671673382349997,1.0,True,1,0,1,0,0,1,0,0,0,0,0,1,0,0,1,0,0,0,1,0,0,0,1,0,1,0,1
590,1,False,False,True,4,1.0,17,1.03857234655,1.0,True,1,1,0,0,0,1,0,0,0,0,0,0,0,0,1,0,1,0,0,0,0,0,0,0,0,0,0
592,1,True,False,True,1,,48,1.20945452766,1.0,False,1,0,1,0,1,0,0,0,0,0,0,1,0,0,0,0,1,0,0,0,0,0,0,0,0,0,1
595,2,True,False,True,1,,48,1.50237647016,1.0,True,1,0,1,0,1,0,0,1,0,0,0,0,0,0,1,0,0,0,0,0,0,0,0,0,0,0,1
599,1,False,True,True,2,,19,1.4379646929,2.0,False,1,1,0,0,0,0,0,0,0,0,0,0,0,0,1,0,0,1,0,0,0,0,0,1,0,0,1
603,1,False,True,True,4,2.0,27,0.932472837250001,2.0,False,1,1,0,0,1,0,0,0,0,0,0,1,0,0,0,0,0,1,0,0,0,0,0,1,0,0,1
606,2,True,False,True,1,,48,1.50237647016,1.0,True,1,0,1,0,1,0,0,0,0,0,0,0,0,0,1,0,1,0,0,0,0,0,0,0,0,0,1
611,1,False,False,True,1,,40,0.65240342502,2.0,True,1,0,1,0,1,0,0,0,0,0,0,1,0,0,1,0,0,1,0,0,0,0,0,0,0,0,1
615,2,False,False,True,1,,1,1.23952190814,1.0,True,1,0,1,0,1,0,0,0,0,0,0,0,0,0,1,0,0,1,0,0,0,0,0,0,0,0,1
623,2,False,False,True,3,1.0,27,0.4677948181,1.0,True,1,1,0,0,0,1,0,0,0,0,0,1,0,0,0,0,0,1,0,0,0,0,0,0,1,1,0
625,1,False,True,False,2,,48,1.62822537232,2.0,True,1,0,1,0,0,0,0,0,0,0,0,0,0,0,1,0,0,1,0,1,0,0,0,1,0,0,1
628,1,False,False,False,3,1.0,48,1.3708893623,1.0,True,1,0,1,0,0,0,0,0,0,0,0,1,0,0,1,0,1,0,0,0,0,1,0,0,1,0,1
632,2,True,False,True,3,3.0,5,0.5187381311,1.0,False,1,0,1,0,0,1,0,0,0,0,0,1,0,0,1,0,1,0,0,0,0,0,0,0,1,1,0
648,2,False,False,True,2,,55,1.4379646929,2.0,False,1,1,0,0,0,1,0,0,0,0,0,1,0,1,0,0,1,0,0,0,0,0,0,1,0,0,1
660,1,False,True,True,2,,22,1.28813061042,2.0,True,1,0,1,0,1,0,0,0,0,0,0,0,0,0,0,0,0,1,0,0,0,0,0,1,0,0,1
661,1,False,False,False,3,2.0,48,1.3992722026,2.0,True,1,0,1,0,1,0,0,0,0,0,0,0,0,0,1,0,0,0,0,0,0,0,0,0,1,0,1
672,1,True,False,True,1,,28,0.59886952164,1.0,False,1,0,1,0,1,0,0,0,0,0,0,1,0,0,1,0,1,0,0,0,0,0,0,0,0,0,1
678,2,False,False,True,2,,6,0.55547847482,2.0,True,1,0,0,1,1,0,0,0,0,0,0,1,0,0,0,0,0,0,0,0,0,0,0,1,0,0,1
681,1,False,False,False,1,,41,0.86474767068,1.0,False,1,0,0,1,1,0,0,0,0,0,0,1,0,1,0,0,0,1,0,0,0,0,0,0,0,1,0
683,1,False,False,True,1,,6,0.53451702294,1.0,True,1,0,0,1,0,1,0,0,0,0,0,1,0,0,1,0,1,0,0,0,0,0,0,0,0,0,1
685,1,True,False,True,1,,8,1.20945452766,1.0,False,1,0,0,1,1,0,0,0,0,0,0,1,0,0,1,0,1,0,0,0,0,0,0,0,0,0,1
690,2,False,False,False,2,,34,0.815331968120002,2.0,False,1,0,0,0,0,1,0,0,0,0,0,1,0,0,1,0,0,0,0,0,0,0,0,1,0,0,0
697,1,False,True,False,2,,6,0.61802746998,2.0,False,1,0,0,1,0,0,0,0,0,0,0,1,0,0,0,0,0,0,0,0,0,0,0,1,0,0,1
699,2,False,False,False,4,1.0,2,0.46299628165,1.0,True,1,0,0,1,1,0,0,0,0,0,0,1,0,1,0,0,1,0,0,0,0,0,0,0,0,1,0
700,1,False,False,False,1,,6,0.53451702294,1.0,True,1,0,0,1,1,0,0,0,0,0,0,1,0,1,0,0,1,0,0,0,0,0,0,0,0,0,1
702,2,False,False,True,3,2.0,35,0.607630640950002,2.0,True,1,0,0,1,0,0,0,0,0,0,0,1,0,1,0,0,0,0,0,0,0,0,0,0,1,0,1
706,1,False,False,False,3,2.0,41,1.02791890025,2.0,True,1,0,0,1,1,0,0,0,0,0,0,0,0,0,1,0,0,0,0,0,0,0,0,0,1,0,0
708,2,False,False,False,2,,41,0.55547847482,2.0,True,1,0,0,1,1,0,0,0,0,0,0,1,0,0,0,0,1,0,0,0,0,0,0,1,0,0,1
709,1,False,False,False,1,,4,1.34706982992,1.0,True,1,0,0,1,1,0,0,0,0,0,0,0,0,1,0,0,1,0,0,0,0,0,0,0,0,0,0
711,1,True,False,True,3,3.0,6,0.922907736599999,1.0,False,1,0,0,1,1,0,0,0,0,0,0,1,0,0,0,0,1,0,0,0,0,0,0,0,1,0,1
712,1,False,False,True,3,9.0,35,0.915398472049998,1.0,False,1,0,0,1,0,1,0,1,0,0,0,1,0,0,1,0,0,1,0,0,0,1,0,0,1,0,1
713,2,False,False,False,3,3.0,41,0.922907736599999,2.0,False,1,0,0,1,1,0,0,0,0,0,0,1,0,1,0,0,0,1,0,0,0,0,0,0,1,0,1
717,2,False,False,False,3,3.0,30,0.983031707100002,1.0,False,1,0,0,1,1,0,0,1,0,0,0,1,0,1,0,0,1,0,0,0,0,0,0,0,1,1,0
721,1,False,False,False,3,2.0,8,0.883541557749999,2.0,True,1,0,0,1,0,0,0,0,0,0,0,1,0,1,0,0,0,1,0,0,0,0,0,0,1,1,0
723,2,False,False,True,3,1.0,19,0.62914356385,2.0,True,1,1,0,0,1,0,0,1,0,0,0,1,0,0,1,0,0,1,0,0,0,0,0,0,1,0,0
725,2,False,True,True,2,,56,0.677987873060001,2.0,True,1,0,0,1,0,0,0,0,0,0,0,1,0,0,0,0,0,0,0,0,0,0,0,1,0,0,1
729,1,False,False,True,1,,4,0.675070772820003,2.0,False,1,0,0,1,0,0,0,0,0,0,0,1,0,0,0,0,0,1,0,0,0,0,0,0,0,1,0
737,2,False,True,True,2,,35,0.754331893720001,2.0,False,1,0,0,1,1,0,0,0,0,0,0,1,0,0,1,0,0,0,0,0,0,0,0,1,0,0,1
741,1,False,False,False,3,2.0,53,0.922907736599999,2.0,False,1,0,0,1,1,0,0,0,0,0,0,1,0,1,0,0,0,1,0,0,0,0,0,0,1,0,1
743,1,False,False,True,2,,6,1.2854131234,2.0,False,1,0,0,1,1,0,0,0,0,0,0,0,0,1,0,0,0,0,0,0,0,0,0,1,0,1,0
744,1,False,True,True,3,2.0,53,0.55389254385,2.0,False,1,0,0,1,0,0,0,0,0,0,0,1,0,0,0,0,0,1,0,0,0,0,0,0,1,0,1
745,1,True,False,False,1,,41,0.990911464559998,1.0,False,1,0,0,1,1,0,0,0,0,0,0,1,0,0,0,1,1,0,0,0,0,0,0,0,0,0,1
748,2,False,False,False,2,,6,0.574778225539998,2.0,False,1,0,0,1,0,0,0,0,0,0,0,1,0,0,1,0,0,0,0,0,0,0,0,1,0,1,0
749,2,False,False,True,2,,4,0.701544136460002,2.0,False,1,0,0,1,0,1,0,0,0,0,0,1,0,0,1,0,0,1,0,0,0,0,0,1,0,1,0
756,1,False,True,False,2,,6,1.92708243163999,2.0,False,1,0,0,1,1,0,0,0,0,0,0,0,0,0,1,0,1,0,0,0,0,1,0,1,0,0,1
760,1,True,False,True,4,1.0,6,0.55389254385,1.0,False,1,0,0,1,0,1,0,0,0,0,0,1,0,0,0,0,1,0,0,0,0,0,0,0,0,0,1
761,1,True,False,True,1,,2,0.59470567866,1.0,False,1,0,0,1,1,0,0,0,0,0,0,1,0,0,1,0,1,0,0,0,0,0,0,0,0,0,1
764,1,False,False,False,2,,6,0.61802746998,2.0,False,1,0,0,1,1,0,0,0,0,0,0,1,0,0,0,0,0,0,0,0,0,0,0,1,0,0,1
774,2,False,False,False,2,,41,1.02977073768,2.0,False,1,0,0,1,0,0,0,0,0,0,0,1,0,0,1,0,1,0,0,0,0,0,0,1,0,0,1
775,2,False,False,True,1,,6,1.15097388234,2.0,True,1,0,0,1,1,0,0,1,0,0,0,0,0,0,1,0,1,0,0,1,0,0,0,0,0,0,0
780,2,True,False,True,4,2.0,6,0.55389254385,2.0,False,1,0,0,1,1,0,0,0,0,0,0,1,0,0,1,0,0,1,0,0,0,0,0,1,0,0,1
781,2,False,False,False,2,,6,0.61802746998,2.0,False,1,0,0,1,0,0,0,0,0,0,0,1,0,0,0,0,0,0,0,0,0,0,0,1,0,0,1
782,2,False,False,False,2,,6,0.778269982899998,2.0,False,1,0,0,1,1,0,0,0,0,0,0,1,0,1,0,0,0,1,0,0,0,1,0,1,0,1,0
786,2,False,False,True,2,,6,0.925550248720001,2.0,True,1,0,0,1,0,0,0,0,0,0,0,1,0,0,0,0,0,0,0,0,0,0,0,1,0,0,1
787,2,False,False,False,3,2.0,6,1.02791890025,2.0,True,1,0,0,1,1,0,0,0,0,0,0,0,0,0,1,0,0,1,0,0,0,0,0,0,1,0,0
792,2,False,False,True,2,,34,1.40701794944,2.0,True,1,0,0,0,0,1,0,0,0,0,0,0,0,1,0,0,0,1,0,1,0,0,0,1,0,0,1
803,2,False,False,False,3,3.0,9,1.403000812,2.0,False,1,0,0,0,0,0,0,0,0,0,0,0,0,1,0,0,0,0,0,1,0,0,0,0,1,0,1
817,1,False,False,True,2,,36,2.46180233922,2.0,False,1,0,0,0,0,0,0,0,0,0,0,1,0,0,0,1,1,0,0,0,1,0,0,1,0,0,1
823,2,False,False,False,4,3.0,26,1.08309563555,1.0,True,1,1,0,0,0,1,0,0,1,0,0,0,0,1,0,0,0,1,0,1,0,0,0,0,1,0,0
828,2,False,False,False,3,1.0,37,0.627049722049998,1.0,True,1,0,1,0,0,1,0,0,0,0,0,1,0,0,1,0,1,0,0,0,0,0,0,0,1,0,0
953,1,False,True,False,2,,37,1.4946189899,2.0,False,1,0,1,0,1,0,0,0,0,0,0,0,0,0,1,0,0,0,1,1,0,0,0,1,0,0,1
994,2,True,False,True,1,,40,1.20945452766,1.0,False,1,0,1,0,0,1,0,0,0,0,0,1,0,0,1,0,1,0,0,0,0,0,0,0,0,0,1
1021,2,True,False,True,1,,34,0.912072187380001,1.0,False,1,0,0,0,1,0,0,0,0,0,0,1,0,0,1,0,0,1,0,0,0,0,0,0,0,1,0
1027,2,False,False,False,3,2.0,17,0.62914356385,2.0,True,1,1,0,0,1,0,0,0,0,0,0,1,0,1,0,0,0,0,0,0,0,0,0,0,1,0,0
1240,1,False,False,True,2,,29,0.651202011199998,2.0,False,1,1,0,0,1,0,0,0,1,0,0,1,0,1,0,0,0,1,0,1,0,0,0,1,0,0,1
1265,2,True,False,True,3,1.0,29,0.813749505650003,1.0,False,1,1,0,0,0,1,0,0,0,0,0,1,0,0,1,0,0,0,0,0,0,0,0,0,1,1,0
1392,1,False,True,False,2,,12,1.08143575142,2.0,False,1,0,1,0,0,0,0,0,0,0,0,1,0,0,0,0,0,1,0,1,0,0,0,1,0,0,1
1425,2,False,False,False,4,3.0,26,0.65611476115,2.0,True,1,1,0,0,1,0,0,0,0,0,0,1,0,1,0,0,0,1,0,1,0,0,0,0,1,0,0
1436,2,False,False,False,3,2.0,36,0.6567675185,2.0,True,1,0,0,0,1,0,0,0,0,1,0,1,0,0,0,0,0,0,0,0,0,0,0,0,1,0,0
1611,2,False,False,True,2,,36,1.32794432702,1.0,True,1,0,0,0,1,0,0,0,0,0,0,1,0,0,1,0,1,0,0,0,1,0,0,1,0,0,1
1614,1,False,True,True,2,,37,0.649034757460002,2.0,False,1,0,1,0,0,0,0,0,0,0,0,1,0,0,0,0,0,1,0,1,0,0,0,1,0,0,1
1742,1,True,False,True,1,,37,0.78267052998,1.0,True,1,0,1,0,1,0,0,0,0,0,0,1,0,0,1,0,1,0,0,0,0,0,0,0,0,1,0
1746,1,True,False,True,1,,40,1.35691043802,1.0,True,1,0,1,0,1,0,0,0,0,0,0,0,0,0,0,0,0,1,0,0,0,0,0,0,0,1,0
1819,1,True,False,True,1,,27,1.3837018743,1.0,False,1,1,0,0,1,0,0,0,0,0,0,0,0,0,1,0,0,1,0,0,0,0,0,0,0,0,1
1937,2,True,False,True,1,,26,0.873709995539998,1.0,False,1,1,0,0,1,0,0,0,0,0,0,1,0,0,0,0,1,0,0,0,0,0,0,0,0,1,0
1971,1,True,False,True,1,,45,0.5220525801,1.0,True,1,0,1,0,0,1,0,0,0,0,0,1,0,0,0,0,1,0,0,1,0,0,0,0,0,1,0
1992,2,False,True,False,2,,51,1.31190761988,2.0,False,1,0,1,0,1,0,0,0,0,0,0,1,0,0,0,0,0,1,0,0,1,0,0,1,0,1,0
1998,1,False,True,True,3,3.0,36,0.584205082100002,2.0,False,1,0,0,0,1,0,0,0,0,0,0,1,0,0,0,0,0,1,0,0,0,0,0,0,1,0,1
2015,1,False,False,True,2,,12,0.55936766782,1.0,True,1,0,1,0,1,0,0,0,0,0,0,1,0,0,1,0,0,1,0,0,0,0,0,1,0,0,1
2033,1,False,False,False,1,,17,0.600869263259999,2.0,False,1,1,0,0,0,0,0,0,0,0,0,1,0,1,0,0,0,1,0,0,0,0,0,0,0,0,1
2034,2,False,True,True,3,2.0,12,2.10649888465,2.0,False,1,0,1,0,1,0,0,0,0,0,0,1,0,0,0,0,1,0,0,0,1,0,0,0,1,0,1
2045,1,False,False,True,3,3.0,48,1.12645274635,1.0,False,1,0,1,0,1,0,0,0,0,0,0,1,0,0,0,0,0,1,0,0,0,0,0,0,1,0,1
2102,1,False,False,True,1,,48,0.725866539239998,1.0,False,1,0,1,0,1,0,0,0,0,0,0,1,0,0,1,0,1,0,0,0,0,0,0,0,0,0,1
2133,2,False,False,True,3,1.0,46,1.04615932015,1.0,True,1,1,0,0,1,0,0,0,0,1,0,0,0,0,1,0,1,0,0,0,0,0,0,0,1,1,0
2154,1,False,True,False,2,,48,0.786669878700001,2.0,False,1,0,1,0,1,0,0,0,0,0,0,1,0,0,0,0,0,1,0,1,0,0,0,1,0,0,1
2205,1,False,False,True,1,,18,0.600869263259999,1.0,False,1,1,0,0,1,0,0,0,0,0,0,1,0,0,1,0,1,0,0,0,0,0,0,0,0,0,1
2260,2,False,False,True,3,3.0,12,0.929369491250001,2.0,False,1,0,1,0,1,0,0,1,0,0,0,1,0,0,1,0,0,1,0,0,0,0,0,0,1,0,1
2304,2,False,False,False,2,,31,0.58073528032,1.0,False,1,1,0,0,1,0,0,0,0,0,0,1,0,0,1,0,1,0,0,0,0,0,0,1,0,1,0
2328,1,False,True,True,3,2.0,44,0.54332271085,2.0,False,1,0,0,0,1,0,0,0,0,0,0,1,0,0,1,0,0,1,0,0,0,0,0,0,1,1,0
2399,1,False,True,True,2,,17,1.58055663066,2.0,True,1,1,0,0,0,1,0,0,0,0,0,0,0,0,0,0,1,0,0,0,0,1,0,1,0,1,0
2433,1,False,False,True,2,,39,0.624432763780002,2.0,False,1,1,0,0,1,0,0,0,0,0,0,1,0,0,1,0,0,0,0,0,0,0,0,1,0,0,1
2439,2,False,False,False,1,,31,1.2436609131,1.0,True,1,1,0,0,1,0,0,0,0,0,0,0,0,1,0,0,1,0,0,0,0,0,0,0,0,0,1
2451,1,True,False,True,1,,37,1.37909680176,1.0,False,1,0,1,0,1,0,0,0,0,0,0,0,0,0,0,0,1,0,0,0,0,0,0,0,0,0,1
2490,2,False,False,True,1,,36,1.44445640052,1.0,False,1,0,0,0,1,0,0,0,0,0,0,0,0,0,1,0,0,1,0,0,0,0,0,0,0,0,1
2515,1,False,False,False,2,,36,1.74945515340001,2.0,True,1,0,0,0,0,0,0,0,0,0,0,1,0,0,1,0,0,0,0,0,0,0,1,1,0,0,1
2534,1,False,False,True,2,,45,1.08143575142,2.0,False,1,0,1,0,1,0,0,0,0,0,0,1,0,0,0,0,0,0,0,1,0,0,0,1,0,0,1
2565,1,False,False,False,1,,37,1.37909680176,1.0,False,1,0,1,0,1,0,0,1,0,0,0,0,0,0,1,0,1,0,0,0,0,0,0,0,0,0,1
2586,2,True,False,True,1,,12,1.11950649372,1.0,True,1,0,1,0,1,0,0,0,0,0,0,1,0,0,1,0,1,0,0,0,0,0,0,0,0,1,0
2590,1,False,True,True,2,,51,0.55936766782,2.0,True,1,0,1,0,1,0,0,0,0,0,0,1,0,0,0,0,0,1,0,0,0,0,0,1,0,0,1
2615,1,False,False,False,4,3.0,24,0.52507916545,2.0,True,1,0,1,0,1,0,0,0,0,0,0,1,0,0,0,0,0,1,0,0,0,0,0,0,1,0,1
2669,2,True,False,True,1,,13,1.23952190814,1.0,True,1,0,1,0,1,0,0,0,0,0,0,0,0,0,1,0,0,0,0,0,0,0,0,0,0,0,1
2708,1,False,False,True,4,3.0,21,0.50132007965,2.0,True,1,0,1,0,1,0,0,0,0,0,0,1,0,0,0,0,0,1,0,0,0,0,0,0,1,0,1
2750,2,False,False,False,4,2.0,6,1.02791890025,2.0,True,1,0,0,1,1,0,0,0,0,0,0,0,0,1,0,0,0,0,0,0,0,0,0,1,0,0,0
2759,2,False,False,False,3,2.0,12,0.5577706329,1.0,False,1,0,1,0,1,0,0,0,0,0,0,1,0,0,1,0,0,1,0,0,0,0,0,0,1,0,1
2780,2,False,True,True,2,,29,0.624432763780002,2.0,False,1,1,0,0,1,0,0,0,0,0,0,1,0,0,0,0,0,0,0,0,0,0,0,1,0,0,1
2803,2,True,False,True,1,,55,0.8998543326,1.0,True,1,1,0,0,1,0,0,0,0,0,0,1,0,0,0,0,1,0,0,0,0,0,0,0,0,0,1
2839,2,False,False,True,3,3.0,39,1.15551955435,1.0,False,1,1,0,0,1,0,0,1,0,0,0,0,0,0,1,0,0,1,0,0,0,0,0,0,1,0,0
2895,2,False,False,False,2,,8,1.14387834166,2.0,False,1,0,0,1,0,1,0,0,0,0,0,1,0,0,0,0,0,1,0,1,0,0,0,1,0,1,0
2904,1,False,True,True,2,,36,1.40701794944,2.0,True,1,0,0,0,1,0,0,0,0,0,0,0,0,0,0,0,1,0,0,1,0,0,0,1,0,0,1
2910,1,False,False,False,4,3.0,21,0.5187381311,2.0,False,1,0,1,0,0,0,0,0,0,0,0,1,0,1,0,0,1,0,0,0,0,0,0,0,1,1,0
2913,1,False,False,False,2,,36,0.97620227134,2.0,True,1,0,0,0,1,0,0,0,1,0,0,1,0,0,1,0,0,1,0,0,0,0,0,1,0,0,1
2953,1,False,True,True,2,,36,0.8884324492,2.0,True,1,0,0,0,1,0,0,0,0,0,0,1,0,0,0,0,0,0,0,1,0,0,0,1,0,1,0
3044,2,False,False,False,4,1.0,34,0.4883343957,1.0,True,1,0,0,0,0,1,0,0,0,0,0,1,0,0,0,0,0,0,0,0,0,0,0,0,0,1,0
3053,2,False,False,False,3,2.0,37,0.5577706329,2.0,False,1,0,1,0,1,0,0,0,0,0,0,1,0,0,0,0,0,1,0,0,0,0,0,0,1,0,1
3088,1,False,False,True,2,,1,0.848232144239998,2.0,True,1,0,1,0,1,0,0,0,0,0,0,1,0,0,1,0,0,0,0,1,0,0,0,1,0,1,0
3128,2,False,False,True,1,,53,1.35735808542,1.0,False,1,0,0,1,1,0,0,0,0,0,0,0,0,0,1,0,1,0,0,0,0,0,1,0,0,0,1
3165,2,False,True,True,3,2.0,39,1.207968111,2.0,True,1,1,0,0,1,0,0,0,0,0,0,1,0,0,0,0,1,0,0,1,0,0,0,0,1,0,1
3266,1,False,True,True,1,,36,0.56376920922,2.0,True,1,0,0,0,1,0,0,0,0,0,0,1,0,0,0,0,0,1,0,0,0,0,0,0,0,0,1
3281,2,False,True,True,2,,42,0.58587780566,2.0,True,1,0,0,0,1,0,0,0,0,0,0,1,0,0,0,0,0,0,0,0,0,0,0,1,0,0,1
3291,1,False,False,True,2,,25,0.58587780566,2.0,True,1,0,0,0,1,0,0,0,0,0,0,1,0,0,0,0,0,0,0,0,0,0,0,1,0,0,1
3315,1,True,False,True,1,,48,1.50237647016,1.0,True,1,0,1,0,1,0,0,0,0,0,0,0,0,0,0,0,1,0,0,0,0,0,0,0,0,0,1
3336,2,False,False,True,3,2.0,48,1.71177631569999,2.0,True,1,0,1,0,0,1,0,1,0,0,0,1,0,0,1,0,0,1,0,1,0,0,0,0,1,0,0
3356,2,False,False,False,2,,48,1.33487074226,2.0,True,1,0,1,0,0,0,1,0,0,0,0,1,0,0,0,0,0,0,1,0,0,1,0,1,0,1,0
3411,2,False,True,True,2,,22,1.0369806955,2.0,False,1,0,1,0,1,0,0,0,0,0,0,1,0,0,0,0,0,0,0,0,0,0,0,1,0,0,1
3420,2,False,False,False,1,,48,0.88337723934,1.0,True,1,0,1,0,1,0,0,0,0,0,0,1,0,0,1,0,0,1,0,0,0,1,0,0,0,0,1
3452,1,False,False,True,2,,48,0.677987873060001,2.0,True,1,0,1,0,1,0,0,0,0,0,0,1,0,0,0,0,0,0,0,0,0,0,0,1,0,0,1
3549,1,True,False,True,1,,12,0.754144749959999,1.0,False,1,0,1,0,0,1,0,0,0,0,0,1,0,0,0,0,1,0,0,0,0,1,0,0,0,1,0
3574,2,False,False,False,3,1.0,9,0.584205082100002,1.0,False,1,0,0,0,1,0,0,0,0,0,0,1,0,0,1,0,0,1,0,0,0,0,0,0,1,0,1
3629,2,False,False,False,3,2.0,48,0.851339358349997,2.0,False,1,0,1,0,1,0,0,0,0,0,0,1,0,1,0,0,0,1,0,0,0,1,0,0,1,1,0
3669,1,False,True,True,2,,36,0.651849881080001,2.0,False,1,0,0,0,1,0,0,0,0,0,0,1,0,0,0,0,0,0,0,0,0,0,0,1,0,0,1
3689,1,False,False,False,1,,39,0.873709995539998,2.0,False,1,1,0,0,1,0,0,0,0,0,0,1,0,1,0,0,0,1,0,0,0,0,0,0,0,1,0
3849,1,False,True,True,3,2.0,55,0.5204702984,2.0,False,1,1,0,0,1,0,0,0,0,0,0,1,0,0,1,0,0,0,0,0,0,0,0,0,1,1,0
3998,2,True,False,True,1,,4,0.88337723934,1.0,True,1,0,0,1,1,0,0,0,0,0,0,1,0,0,1,0,1,0,0,0,0,1,0,0,0,0,1
4039,2,True,False,True,1,,54,0.59886952164,1.0,False,1,0,1,0,0,1,0,0,0,0,0,1,0,0,0,0,1,0,0,0,0,0,0,0,0,0,1
4069,2,False,True,True,1,,42,0.52431693012,2.0,True,1,0,0,0,0,0,0,0,0,0,0,1,0,0,0,0,1,0,0,0,0,0,0,0,0,1,0
4076,2,False,False,True,1,,53,1.2369069678,1.0,False,1,0,0,1,1,0,0,0,0,0,0,0,0,0,0,0,0,1,0,0,0,0,0,0,0,1,0
4131,1,False,False,True,2,,36,1.41388013398,2.0,False,1,0,0,0,0,0,0,0,0,0,0,0,0,0,0,0,0,0,0,1,0,0,0,1,0,1,0
4334,2,False,False,False,2,,29,0.781038715619999,2.0,False,1,1,0,0,0,1,0,0,0,0,0,1,0,1,0,0,0,1,0,0,0,0,0,1,0,0,0
4359,2,True,False,True,3,1.0,12,0.896522991400001,1.0,False,1,0,1,0,0,0,0,0,0,0,0,1,0,0,0,0,1,0,0,0,0,0,1,0,1,1,0
4377,2,False,False,True,2,,42,0.679794492539998,2.0,False,1,0,0,0,0,0,0,0,0,0,0,1,0,0,0,0,1,0,0,1,0,0,0,1,0,0,1
4475,2,False,False,False,3,2.0,18,0.4677948181,2.0,True,1,1,0,0,1,0,0,0,0,0,0,1,0,1,0,0,0,1,0,0,0,0,0,0,1,1,0
4517,1,False,True,True,2,,29,0.907973132619999,2.0,False,1,1,0,0,1,0,0,0,0,0,0,1,0,0,0,0,0,0,0,0,0,0,0,1,0,1,0
4597,2,False,False,True,4,2.0,8,1.6235766703,2.0,False,1,0,0,1,1,0,0,0,0,0,0,0,0,0,0,0,0,1,0,1,0,0,0,1,0,0,1
4637,1,False,False,True,3,2.0,34,0.5666147947,2.0,False,1,0,0,0,0,0,0,0,0,0,0,1,0,1,0,0,0,1,0,1,0,0,0,0,1,1,0
4738,1,True,False,True,1,,18,0.55882074144,1.0,False,1,1,0,0,1,0,0,0,0,0,0,1,0,0,1,0,0,1,0,0,0,0,0,0,0,1,0
4959,1,False,False,False,3,1.0,39,0.731391979299999,1.0,True,1,1,0,0,0,0,0,0,0,0,0,1,0,0,0,0,1,0,0,0,0,0,0,0,1,1,0
4962,1,False,False,False,3,2.0,51,0.631302633599999,2.0,True,1,0,1,0,1,0,0,0,0,0,0,1,0,0,0,0,0,1,0,0,0,1,0,0,1,1,0
5066,2,True,False,False,2,,36,0.632222823559998,2.0,False,1,0,0,0,1,0,0,0,0,0,0,1,0,0,1,0,0,0,0,1,0,0,0,1,0,1,0
5128,2,True,False,True,1,,21,0.59886952164,1.0,False,1,0,1,0,1,0,0,0,0,0,0,1,0,0,0,0,0,1,0,0,0,0,0,0,0,0,1
5171,2,False,True,True,2,,42,0.606233761579999,2.0,False,1,0,0,0,0,0,0,0,0,0,0,1,0,0,0,0,0,1,0,0,0,0,0,1,0,1,0
5354,1,False,False,True,3,3.0,48,0.628742386449999,2.0,False,1,0,1,0,1,0,0,0,0,0,0,1,0,0,0,0,0,1,0,0,0,0,0,0,1,1,0
5377,1,False,False,True,1,,24,0.52431693012,2.0,True,1,0,1,0,1,0,0,0,0,0,0,1,0,0,1,0,0,1,0,0,0,0,0,0,0,1,0
5479,2,True,False,True,1,,1,1.11950649372,1.0,True,1,0,1,0,0,1,0,0,0,0,0,0,0,1,0,0,1,0,0,0,0,0,0,0,0,1,0
5520,1,False,False,True,2,,36,0.606233761579999,2.0,False,1,0,0,0,1,0,0,0,0,0,0,1,0,0,0,0,0,0,0,0,0,0,0,1,0,1,0
5545,2,False,False,True,4,1.0,48,0.565108962049998,1.0,True,1,0,1,0,0,1,0,0,0,0,0,1,0,0,1,0,1,0,0,0,0,0,0,0,0,1,0
5577,2,False,True,True,2,,45,0.52022340588,2.0,True,1,0,1,0,0,0,0,0,0,0,0,1,0,0,0,0,0,1,0,0,0,0,0,1,0,1,0
5584,2,False,False,False,3,3.0,37,0.7023897181,2.0,False,1,0,1,0,0,0,0,0,0,0,0,1,0,0,0,0,0,0,0,0,0,1,0,0,1,1,0
5709,2,False,False,False,2,,13,1.76440226216,2.0,False,1,0,1,0,1,0,0,0,0,0,0,1,0,0,0,0,0,0,0,0,1,0,0,1,0,0,0
5732,2,False,False,False,4,2.0,6,1.09054303135,2.0,False,1,0,0,1,0,0,0,0,0,0,0,1,0,0,0,0,0,1,0,0,0,1,0,1,0,1,0
5774,1,False,False,False,3,1.0,51,0.48622544225,1.0,True,1,0,1,0,0,1,0,0,0,0,0,1,0,0,0,0,1,0,0,1,0,0,0,0,1,1,0
5788,2,False,False,False,2,,24,0.54487837836,2.0,True,1,0,1,0,1,0,0,0,0,0,0,1,0,0,0,0,0,1,0,0,0,0,0,1,0,1,0
5864,2,False,True,True,3,2.0,39,1.15551955435,2.0,False,1,1,0,0,0,0,0,0,0,0,0,0,0,0,1,0,1,0,0,0,0,0,0,0,1,0,0
5877,2,False,False,True,4,1.0,45,1.0426776167,1.0,True,1,0,1,0,1,0,0,0,0,0,0,0,0,0,1,0,0,0,1,0,0,0,0,0,0,1,0
5905,2,True,False,False,1,,12,1.05976349232,1.0,True,1,0,1,0,1,0,0,0,0,0,0,1,0,0,1,0,1,0,0,0,0,1,0,0,0,1,0
5935,2,False,False,True,3,1.0,54,1.03511589315,1.0,True,1,0,1,0,1,0,0,1,0,0,0,0,0,0,0,0,0,1,0,0,0,0,0,0,1,0,0
5941,1,False,False,True,3,3.0,48,1.02909748925,2.0,True,1,0,1,0,1,0,0,0,0,0,0,1,0,0,0,0,0,0,0,0,0,1,0,0,1,0,0
5951,1,False,False,False,4,1.0,48,2.002625783,1.0,True,1,0,1,0,1,0,0,0,0,0,0,1,0,0,1,0,0,0,1,0,0,0,1,0,0,1,0
5956,1,False,False,False,2,,21,1.15497141762,2.0,True,1,0,1,0,1,0,0,0,0,0,0,0,0,0,0,0,1,0,0,0,0,0,0,1,0,0,0
5958,2,False,False,True,1,,55,1.62314487408,1.0,False,1,1,0,0,1,0,0,0,0,0,0,1,0,0,1,0,0,1,0,0,0,0,0,0,0,0,0
5960,1,True,False,False,1,,47,1.11950649372,1.0,True,1,0,1,0,0,1,0,0,0,1,0,0,0,1,0,0,1,0,0,0,0,0,0,0,0,1,0
5971,1,False,False,True,3,9.0,6,0.754922450449999,2.0,True,1,0,0,1,1,0,0,0,0,0,0,1,0,0,0,0,1,0,0,1,0,0,0,0,1,1,0
5993,1,True,False,True,1,,6,1.50531179352,1.0,True,1,0,0,1,1,0,0,0,0,0,0,0,0,0,0,0,1,0,0,0,0,1,0,0,0,1,0
6006,1,False,False,False,3,2.0,6,2.02596896165,2.0,False,1,0,0,1,1,0,0,0,0,0,0,1,0,1,0,0,0,0,0,0,0,1,0,0,1,0,0
6018,1,False,False,True,2,,6,1.21681643498,2.0,False,1,0,0,1,1,0,0,0,0,0,0,1,0,0,0,0,1,0,0,0,0,1,0,1,0,1,0
6020,1,False,True,True,3,2.0,41,0.622689946899998,2.0,True,1,0,0,1,1,0,0,0,0,0,0,1,0,0,0,0,0,0,0,0,0,0,0,0,1,0,0
6027,2,False,False,False,1,,25,0.705160914599999,1.0,True,1,0,0,0,1,0,0,0,0,1,0,1,0,1,0,0,1,0,0,0,0,0,0,0,0,0,0
6028,2,False,True,True,3,2.0,33,0.973415143049998,2.0,False,1,0,0,0,1,0,0,0,0,0,0,1,0,0,0,0,0,0,0,0,0,0,0,0,1,0,1
6031,2,False,False,False,3,2.0,9,0.5092691467,2.0,True,1,0,0,0,1,0,0,0,0,0,0,1,0,0,1,0,0,0,0,1,0,0,0,0,1,1,0
6032,2,True,False,True,3,2.0,25,0.6567675185,2.0,True,1,0,0,0,0,1,0,0,0,0,0,1,0,0,1,0,0,0,0,0,0,0,0,0,1,0,0
6033,2,False,False,True,3,2.0,25,0.52507916545,2.0,True,1,0,0,0,1,0,0,0,0,0,0,1,0,0,0,0,0,1,0,0,0,0,0,0,1,0,1
6036,2,True,False,True,1,,13,1.23653407212,1.0,False,1,0,1,0,1,0,0,0,0,0,0,1,0,0,1,0,1,0,0,0,0,0,0,0,0,0,0
6037,2,False,True,True,3,2.0,13,0.969211286650003,2.0,False,1,0,1,0,0,0,0,0,0,0,0,1,0,0,0,0,1,0,0,1,0,0,0,0,1,0,1
6039,2,False,False,True,3,1.0,37,0.4662379581,1.0,True,1,0,1,0,0,0,0,0,0,0,0,1,0,0,1,0,1,0,0,0,0,0,0,0,1,1,0
6041,2,False,False,True,2,,37,0.60361564002,2.0,False,1,0,1,0,1,0,0,0,0,0,0,1,0,1,0,0,0,1,0,1,0,0,0,1,0,1,0
6042,2,False,False,False,3,2.0,34,0.4883343957,2.0,True,1,0,0,0,0,0,0,0,0,0,0,1,0,1,0,0,0,0,0,0,0,0,0,0,1,1,0
6044,2,False,False,True,2,,13,1.4946189899,2.0,False,1,0,1,0,0,0,0,0,0,0,0,0,0,0,1,0,0,0,0,1,0,0,0,1,0,0,1
6045,2,False,False,False,4,3.0,36,0.730722046899998,1.0,False,1,0,0,0,0,0,0,1,0,0,0,1,0,0,1,0,0,1,0,0,0,0,0,0,1,0,0
6047,2,False,False,False,2,,51,0.52022340588,2.0,True,1,0,1,0,1,0,0,0,0,0,0,1,0,0,1,0,0,1,0,0,0,0,0,1,0,1,0
6071,2,True,False,True,1,,45,1.23653407212,1.0,False,1,0,1,0,0,0,0,0,0,0,0,0,0,0,0,0,0,1,0,0,0,0,0,0,0,0,0
6085,2,False,False,True,1,,13,0.53825945394,1.0,True,1,0,1,0,1,0,0,0,0,0,0,1,0,0,0,0,1,0,0,0,0,0,0,0,0,0,1
6086,2,False,False,True,4,1.0,51,1.0426776167,1.0,True,1,0,1,0,1,0,0,0,0,0,0,0,0,0,0,0,1,0,0,0,0,0,0,0,0,1,0
6104,1,False,True,True,2,,42,0.679794492539998,2.0,False,1,0,0,0,1,0,0,0,0,0,0,1,0,0,1,0,0,1,0,1,0,0,0,1,0,0,1
6106,1,False,True,True,2,,12,0.622354600919999,2.0,False,1,0,1,0,1,0,0,0,0,0,0,1,0,0,1,0,0,0,0,0,0,0,0,1,0,0,1
6124,2,False,False,False,3,1.0,37,0.627049722049998,2.0,True,1,0,1,0,0,1,0,0,0,0,0,1,0,1,0,0,0,1,0,0,0,0,0,0,1,0,0
6138,1,False,False,True,2,,17,1.18307012658,2.0,True,1,1,0,0,1,0,0,0,0,0,0,1,0,0,1,0,0,0,0,0,1,0,0,1,0,1,0
6163,2,False,False,False,1,,42,0.62725177236,2.0,False,1,0,0,0,0,0,0,0,0,0,0,1,0,1,0,0,0,1,0,0,0,0,0,0,0,0,1
6261,2,False,False,False,3,3.0,44,0.730722046899998,1.0,False,1,0,0,0,1,0,0,1,0,0,0,1,0,1,0,0,0,1,0,0,0,0,0,0,1,0,0
6281,2,False,True,True,1,,42,0.56376920922,2.0,True,1,0,0,0,0,0,0,0,0,0,0,1,0,0,0,0,0,1,0,0,0,0,0,0,0,0,1
6307,2,False,False,True,3,2.0,9,0.973415143049998,2.0,False,1,0,0,0,1,0,0,0,0,0,0,1,0,0,0,0,0,0,0,0,0,0,0,0,1,0,1
6313,2,False,False,True,2,,36,0.815331968120002,2.0,False,1,0,0,0,1,0,0,0,0,0,0,1,0,0,1,0,0,1,0,0,0,0,0,1,0,0,0
6329,1,True,False,True,2,,36,0.651849881080001,1.0,False,1,0,0,0,1,0,0,0,0,0,0,1,0,0,1,0,1,0,0,0,0,0,0,1,0,0,1
6400,2,True,False,True,3,1.0,51,1.5067213427,1.0,False,1,0,1,0,1,0,0,1,0,0,0,1,0,0,1,0,1,0,0,0,0,0,0,0,1,0,0
6506,2,False,False,False,2,,11,0.732814283800002,2.0,True,1,0,1,0,1,0,0,0,0,0,0,1,0,1,0,0,0,1,0,0,0,0,0,1,0,0,0
6548,1,False,False,True,2,,24,0.947839724140002,2.0,False,1,0,1,0,1,0,0,0,0,0,0,1,0,0,0,0,0,0,0,0,0,0,0,1,0,1,0
6567,2,False,False,True,2,,36,0.606233761579999,2.0,False,1,0,0,0,1,0,0,0,0,0,0,1,0,0,0,0,0,0,0,0,0,0,0,1,0,1,0
6571,2,False,False,True,4,2.0,51,0.54097628115,2.0,False,1,0,1,0,0,0,0,0,0,0,0,1,0,0,1,0,1,0,0,1,0,0,0,1,0,1,0
6582,1,False,False,True,2,,42,0.651849881080001,2.0,False,1,0,0,0,1,0,0,0,0,0,0,1,0,0,0,0,0,0,0,0,0,0,0,1,0,0,1
6612,2,True,False,True,1,,47,0.78267052998,1.0,True,1,0,1,0,0,1,0,0,0,0,0,1,0,0,0,0,1,0,0,0,0,0,0,0,0,1,0
6634,2,False,False,False,4,1.0,25,1.09209328505,2.0,True,1,0,0,0,1,0,0,1,0,0,0,0,0,0,1,0,0,1,0,0,0,0,0,0,0,1,0
6649,1,False,False,False,2,,36,0.737784534760002,1.0,True,1,0,0,0,0,0,0,0,0,0,0,1,0,0,0,0,0,1,0,0,0,1,0,1,0,1,0
6670,2,False,False,True,3,1.0,51,0.5187381311,1.0,False,1,0,1,0,1,0,0,0,0,0,0,1,0,0,1,0,1,0,0,0,0,0,0,0,1,1,0
6801,2,False,False,True,4,1.0,6,0.9801719335,2.0,True,1,0,0,1,1,0,0,0,0,0,0,1,0,0,0,0,0,1,0,0,0,1,0,0,0,1,0
6865,2,False,False,True,2,,24,1.76086023718,2.0,False,1,0,1,0,1,0,0,0,0,0,0,1,0,0,1,0,0,0,0,0,0,0,0,1,0,0,0
6887,2,False,False,False,3,3.0,1,0.728957846550001,1.0,True,1,0,1,0,1,0,0,0,0,1,0,1,0,0,1,0,0,0,0,0,0,0,0,0,1,1,0
6936,2,False,False,False,3,3.0,51,1.3542298925,1.0,True,1,0,1,0,1,0,0,1,0,0,0,1,0,1,0,0,0,1,0,0,0,0,0,0,1,0,0
6983,2,False,False,False,1,,30,1.08704869836,2.0,True,1,0,0,1,1,0,0,0,0,0,0,1,0,0,0,0,0,1,0,0,0,0,0,0,0,0,1
6994,2,False,False,False,2,,24,0.632222823559998,2.0,False,1,0,1,0,0,0,0,0,0,0,0,1,0,0,0,0,0,0,1,1,0,0,0,1,0,1,0
6999,2,False,False,True,1,,51,0.677819669760002,1.0,True,1,0,1,0,0,1,0,0,0,0,0,1,0,0,1,0,1,0,0,0,0,1,0,0,0,1,0
7013,2,True,False,True,1,,28,0.59886952164,1.0,False,1,0,1,0,1,0,0,0,0,0,0,1,0,0,1,0,1,0,0,0,0,0,0,0,0,0,1
7030,2,False,False,False,3,2.0,48,0.983031707100002,2.0,False,1,0,1,0,0,1,0,0,0,0,0,1,0,1,0,0,0,1,0,0,0,0,0,0,1,1,0
7096,2,True,False,True,1,,51,0.55696094076,1.0,False,1,0,1,0,1,0,0,0,0,0,0,1,0,0,0,0,1,0,0,0,0,0,0,0,0,1,0
7111,2,False,False,False,2,,13,1.31190761988,2.0,False,1,0,1,0,1,0,0,1,0,0,0,1,0,0,0,0,0,0,0,0,1,0,0,1,0,1,0
7123,2,True,False,True,3,1.0,25,1.4787328113,1.0,True,1,0,0,0,1,0,0,1,0,0,0,1,0,0,0,0,1,0,0,0,0,1,0,0,1,1,0
7130,2,False,False,False,4,1.0,34,1.09209328505,1.0,True,1,0,0,0,1,0,0,0,0,0,0,1,0,0,1,0,0,1,0,0,0,0,0,0,0,1,0
7265,2,False,False,False,2,,13,1.17913277248,2.0,True,1,0,1,0,0,0,0,0,0,0,0,1,0,0,1,0,0,0,0,0,1,0,0,1,0,1,0
7271,2,True,False,True,1,,12,1.454015253,1.0,True,1,0,1,0,0,1,0,0,0,0,0,1,0,0,0,0,0,1,0,0,0,0,0,0,0,0,0
7292,2,False,False,True,4,2.0,42,0.849478998049998,2.0,False,1,0,0,0,1,0,0,0,0,0,0,1,0,1,0,0,0,1,0,0,0,0,0,1,0,1,0
7326,1,False,False,False,2,,37,1.4946189899,1.0,False,1,0,1,0,0,1,0,0,0,0,0,0,0,0,1,0,0,0,0,1,0,0,0,1,0,0,1
7357,1,True,False,True,1,,51,0.9978493485,1.0,False,1,0,1,0,1,0,0,0,0,0,0,1,0,0,0,0,1,0,0,0,0,0,0,0,0,0,1
7377,2,False,True,True,2,,42,0.606233761579999,2.0,False,1,0,0,0,0,0,0,0,0,0,0,1,0,0,1,0,0,0,0,0,0,0,0,1,0,1,0
7393,2,False,True,False,1,,48,0.821558955120002,1.0,True,1,0,1,0,1,0,0,0,0,0,0,1,0,0,0,0,1,0,0,0,0,1,0,0,0,1,0
7410,1,True,False,True,1,,51,0.9978493485,1.0,False,1,0,1,0,1,0,0,0,0,0,0,1,0,0,0,0,1,0,0,0,0,0,0,0,0,0,1
7442,2,True,False,True,3,1.0,13,1.5067213427,1.0,False,1,0,1,0,0,0,1,0,0,0,0,1,0,0,0,0,1,0,0,0,0,0,0,0,1,0,0
7480,2,False,False,True,2,,34,1.63798867934,2.0,True,1,0,0,0,1,0,0,0,0,0,0,1,0,0,0,0,0,1,0,0,0,1,0,1,0,0,0
7566,2,False,False,True,3,2.0,13,0.627049722049998,1.0,True,1,0,1,0,0,1,0,0,0,0,0,1,0,0,1,0,0,1,0,0,0,0,0,0,1,0,0
7599,2,False,True,True,2,,12,1.28813061042,2.0,True,1,0,1,0,1,0,0,0,0,0,0,0,0,0,0,0,0,1,0,0,0,0,0,1,0,0,1
7706,1,False,False,False,4,3.0,50,0.584205082100002,2.0,False,1,0,0,0,0,0,0,0,0,0,0,1,0,1,0,0,1,0,0,0,0,0,0,0,1,0,1
7727,1,False,False,True,2,,25,0.651849881080001,2.0,False,1,0,0,0,1,0,0,1,0,0,0,1,0,1,0,0,0,1,0,0,0,0,0,1,0,0,1
7728,2,False,False,False,4,2.0,26,0.4677948181,2.0,True,1,1,0,0,0,0,0,0,0,0,0,1,0,1,0,0,0,0,0,0,0,0,0,1,0,1,0
7738,2,False,True,True,2,,12,0.55936766782,2.0,True,1,0,1,0,1,0,0,0,0,0,0,1,0,0,0,0,0,0,0,0,0,0,0,1,0,0,1
7746,2,False,True,True,2,,12,1.0369806955,2.0,False,1,0,1,0,1,0,0,0,0,0,0,1,0,0,0,0,0,1,0,0,0,0,0,1,0,0,1
7753,2,False,False,True,4,3.0,1,1.4015834139,2.0,True,1,0,1,0,0,0,0,1,0,0,0,0,0,0,1,0,0,1,0,0,0,1,0,0,1,0,0
7770,2,False,False,False,3,2.0,26,0.69998752815,2.0,False,1,1,0,0,1,0,0,0,0,0,0,1,0,1,0,0,0,0,0,0,0,0,0,0,1,0,0
7835,2,False,False,True,4,1.0,37,0.760208053800002,1.0,True,1,0,1,0,0,1,0,0,0,0,0,1,0,0,0,0,0,1,0,1,0,0,0,0,0,1,0
7844,2,False,False,True,3,1.0,12,0.5577706329,1.0,False,1,0,1,0,1,0,0,0,0,0,0,1,0,0,0,0,0,1,0,0,0,0,0,0,1,0,1
7868,2,False,False,False,3,1.0,13,1.03511589315,1.0,True,1,0,1,0,1,0,0,0,0,0,0,0,0,0,1,0,0,1,0,0,0,0,0,0,1,0,0
7886,2,False,True,True,2,,12,1.34335238738,2.0,True,1,0,1,0,0,0,0,0,0,0,0,0,0,1,0,0,0,1,0,1,0,0,0,1,0,0,1
7949,1,True,False,True,1,,23,1.44445640052,1.0,False,1,0,0,0,1,0,0,1,0,0,0,0,0,0,0,0,0,1,0,0,0,0,0,0,0,0,1
7966,2,False,False,False,3,2.0,55,0.69998752815,2.0,False,1,1,0,0,1,0,0,0,0,0,0,1,0,1,0,0,0,0,0,0,0,0,0,0,1,0,0
7972,2,False,False,True,3,3.0,20,0.8380996235,1.0,True,1,1,0,0,1,0,0,0,0,0,0,1,0,1,0,0,1,0,0,0,0,0,0,0,1,0,1
8007,2,False,False,False,3,2.0,18,0.4677948181,2.0,True,1,1,0,0,0,1,0,0,0,0,0,1,0,0,1,0,0,0,0,0,0,0,0,0,1,1,0
8041,1,False,True,False,2,,9,1.50110174956,2.0,False,1,0,0,0,0,0,0,0,0,0,0,0,0,0,0,0,0,1,0,0,0,0,0,1,0,0,1
8045,2,True,False,True,4,1.0,33,1.19844231565,1.0,True,1,0,0,0,0,1,0,0,0,0,0,0,0,0,0,0,1,0,0,0,0,0,1,0,0,0,0
8069,2,False,False,False,3,2.0,44,0.6567675185,2.0,True,1,0,0,0,1,0,0,0,0,0,0,1,0,0,1,0,0,1,0,0,0,0,0,0,1,0,0
8164,1,False,True,False,3,2.0,9,0.54332271085,2.0,False,1,0,0,0,1,0,0,1,0,0,0,1,0,0,1,0,0,1,0,0,0,0,0,0,1,1,0
8182,2,True,False,True,1,,18,1.12324474374,1.0,True,1,1,0,0,1,0,0,0,0,0,0,1,0,0,0,0,1,0,0,0,0,0,0,0,0,1,0
8217,1,True,False,True,1,,23,0.912072187380001,1.0,False,1,0,0,0,0,1,0,0,0,0,0,1,0,0,1,0,1,0,0,0,0,0,0,0,0,1,0
8310,2,False,False,True,3,2.0,26,0.62914356385,2.0,True,1,1,0,0,1,0,0,0,0,0,0,1,0,0,1,0,0,1,0,0,0,0,0,0,1,0,0
8324,2,False,False,False,3,1.0,48,0.565108962049998,1.0,True,1,0,1,0,0,1,0,0,0,0,0,1,0,0,1,0,0,1,0,0,0,0,0,0,1,1,0
8338,2,False,False,True,2,,48,1.48518227842,2.0,False,1,0,1,0,0,0,0,0,0,0,0,1,0,0,1,0,0,1,0,0,0,1,0,1,0,1,0
8367,2,False,False,False,3,1.0,39,1.04615932015,1.0,True,1,1,0,0,1,0,0,0,0,0,0,0,0,1,0,0,1,0,0,0,0,0,0,0,1,1,0
8423,2,True,False,True,1,,36,1.00820230056,1.0,False,1,0,0,0,1,0,0,0,0,0,0,1,0,0,1,0,1,0,0,0,0,0,1,0,0,0,1
8432,2,False,False,True,1,,48,0.606748569780002,1.0,True,1,0,1,0,1,0,0,0,0,0,0,1,0,0,1,0,0,1,0,0,0,0,0,0,0,1,0
8448,2,False,False,True,1,,45,1.35112319976,1.0,False,1,0,1,0,1,0,0,1,0,0,0,1,0,0,1,0,0,1,0,0,0,1,0,0,0,0,1
8458,2,False,False,True,2,,37,1.29441296648,2.0,False,1,0,1,0,1,0,0,0,0,0,0,0,0,0,1,0,0,0,0,0,0,0,0,1,0,1,0
8476,2,False,True,True,2,,42,1.50110174956,2.0,False,1,0,0,0,1,0,0,0,0,0,0,0,0,0,0,0,0,0,0,0,0,0,0,1,0,0,1
8508,2,True,False,True,1,,55,1.45887049278,1.0,True,1,1,0,0,1,0,0,0,0,0,0,1,0,0,1,0,1,0,0,0,0,0,0,0,0,0,0
8521,2,False,True,True,2,,34,0.54487837836,2.0,True,1,0,0,0,1,0,0,0,0,0,0,1,0,0,0,0,0,0,0,0,0,0,0,1,0,1,0
8552,2,False,False,False,3,3.0,18,0.5204702984,2.0,False,1,1,0,0,1,0,0,0,0,0,0,1,0,1,0,0,0,1,0,0,0,0,0,0,1,1,0
8554,2,False,False,False,2,,36,1.58264803186,2.0,True,1,0,0,0,1,0,0,0,0,0,0,1,0,0,1,0,0,0,0,0,0,0,0,1,0,0,0
8623,2,False,True,True,2,,6,0.599418797919999,2.0,False,1,0,0,1,0,1,0,0,0,0,0,1,0,1,0,0,0,1,0,1,0,0,0,1,0,1,0
8629,1,False,False,False,2,,36,1.65049568506,2.0,True,1,0,0,0,1,0,0,1,0,0,0,1,0,0,0,0,0,0,0,1,0,0,0,1,0,0,0
8635,2,False,False,False,2,,36,0.651849881080001,2.0,False,1,0,0,0,0,0,0,0,0,0,0,1,0,1,0,0,0,1,0,0,0,0,0,1,0,0,1
8638,2,False,False,False,3,2.0,11,1.2062552249,2.0,False,1,0,1,0,0,0,0,0,0,0,0,0,0,0,1,0,0,0,0,0,0,0,0,0,1,0,0
8673,2,False,False,True,4,1.0,48,0.760022668899998,1.0,True,1,0,1,0,0,1,0,0,0,0,0,1,0,0,1,0,1,0,0,0,0,0,0,0,0,0,0
8695,2,True,False,True,4,1.0,48,2.47279138595001,1.0,False,1,0,1,0,0,1,0,0,0,0,0,1,0,0,0,0,1,0,0,0,0,1,0,0,0,0,0
8762,2,True,False,True,1,,48,1.5097037289,1.0,False,1,0,1,0,1,0,0,0,0,0,0,0,0,0,0,0,1,0,0,0,0,0,0,0,0,1,0
8769,2,True,False,True,1,,12,1.23952190814,1.0,True,1,0,1,0,1,0,0,0,0,0,0,0,0,0,0,0,0,1,0,0,0,0,0,0,0,0,1
8837,2,False,True,True,2,,17,1.3478381028,2.0,True,1,1,0,0,0,0,0,0,0,0,0,0,0,0,1,0,0,0,0,1,0,0,0,1,0,0,1
8859,1,False,False,False,2,,21,0.622354600919999,2.0,False,1,0,1,0,0,0,0,0,0,0,0,1,0,0,0,0,0,1,0,0,0,0,0,1,0,0,1
8867,1,False,True,True,2,,17,0.651202011199998,2.0,False,1,1,0,0,1,0,0,0,0,0,0,1,0,0,0,0,0,1,0,1,0,0,0,1,0,0,1
8928,1,False,False,False,1,,1,0.59886952164,1.0,False,1,0,1,0,1,0,0,0,0,0,0,1,0,0,1,0,0,1,0,0,0,0,0,0,0,0,1
8937,2,False,True,False,2,,13,0.649034757460002,2.0,False,1,0,1,0,0,0,0,0,0,0,0,1,0,1,0,0,0,1,0,1,0,0,0,1,0,0,1
8958,1,True,False,True,1,,39,1.0011813621,1.0,False,1,1,0,0,0,1,0,0,0,0,0,1,0,1,0,0,0,0,0,0,0,0,0,0,0,0,1
8985,2,False,False,False,2,,40,0.701544136460002,2.0,False,1,0,1,0,1,0,0,0,1,0,0,1,0,0,1,0,0,0,0,0,0,0,0,1,0,1,0
9144,1,True,False,True,1,,1,0.870802217279999,1.0,False,1,0,1,0,0,0,0,0,0,0,0,1,0,1,0,0,1,0,0,0,0,0,0,0,0,1,0
9209,2,False,False,False,3,1.0,54,1.03511589315,1.0,True,1,0,1,0,0,0,0,0,0,1,0,0,0,0,1,0,0,1,0,0,0,0,0,0,1,0,0
9290,1,False,False,False,4,3.0,55,0.55963313735,2.0,False,1,1,0,0,1,0,0,0,0,0,0,1,0,0,1,0,0,1,0,0,0,0,0,0,1,0,1
9331,2,False,False,True,3,9.0,17,0.4677948181,2.0,True,1,1,0,0,0,1,0,0,0,0,0,1,0,0,0,0,0,1,0,0,0,0,0,0,1,1,0
9379,2,False,False,False,3,2.0,42,0.54332271085,2.0,False,1,0,0,0,1,0,0,0,0,0,0,1,0,0,1,0,0,0,0,0,0,0,0,0,1,1,0
9384,2,False,False,True,4,2.0,26,0.808478853400001,2.0,True,1,1,0,0,1,0,0,0,0,0,0,1,0,0,1,0,0,1,0,0,0,0,1,1,0,1,0
9530,2,False,False,True,3,2.0,19,0.731391979299999,2.0,True,1,1,0,0,1,0,0,0,0,0,0,1,0,0,1,0,0,1,0,0,0,0,0,0,1,1,0
9641,2,False,False,False,2,,55,0.58073528032,2.0,False,1,1,0,0,1,0,0,0,0,0,0,1,0,0,1,0,0,0,0,0,0,0,0,1,0,1,0
9731,2,False,False,False,3,2.0,6,1.3918384317,2.0,True,1,0,0,1,0,0,0,0,0,0,0,0,0,1,0,0,0,1,0,0,0,1,0,0,1,0,0
9748,1,False,False,False,3,3.0,17,0.813749505650003,2.0,False,1,1,0,0,1,0,0,0,0,0,0,1,0,0,1,0,0,1,0,0,0,0,0,0,1,1,0
9773,1,False,False,False,4,9.0,18,0.966935392550001,2.0,False,1,1,0,0,1,0,0,0,0,0,0,0,1,1,0,0,0,0,1,0,0,0,1,0,1,0,1
9791,2,False,False,True,2,,34,1.35575914042,2.0,False,1,0,0,0,1,0,0,0,0,0,0,0,0,0,0,0,0,1,0,0,0,0,0,1,0,1,0
9900,1,False,False,True,1,,47,0.50059233396,1.0,True,1,0,1,0,0,1,0,0,0,0,0,1,0,0,1,0,1,0,0,0,0,0,0,0,0,1,0
9955,2,True,False,True,1,,39,0.785284019879998,1.0,True,1,1,0,0,0,1,0,0,0,0,0,1,0,0,0,0,1,0,0,0,0,0,0,0,0,1,0
9966,2,False,True,True,2,,51,0.578802546279999,2.0,False,1,0,1,0,1,0,0,0,0,0,0,1,0,0,0,0,0,0,0,0,0,0,0,1,0,1,0
10079,1,False,False,False,2,,39,0.907973132619999,2.0,False,1,1,0,0,0,0,0,0,0,0,0,1,0,0,1,0,0,0,0,0,0,0,0,1,0,1,0
10192,1,False,False,False,3,1.0,27,1.16396084965,2.0,False,1,1,0,0,1,0,0,0,1,0,0,0,0,1,0,0,1,0,0,0,0,0,0,0,1,1,0
10238,2,False,False,False,2,,39,0.58073528032,2.0,False,1,1,0,0,1,0,0,1,0,0,0,1,0,0,1,0,0,0,0,0,0,0,0,1,0,1,0
10297,1,False,False,False,3,1.0,27,0.5204702984,2.0,False,1,1,0,0,0,1,0,0,1,0,0,1,0,1,0,0,1,0,0,0,0,0,0,0,1,1,0
10356,2,False,False,True,3,2.0,26,1.03857234655,2.0,True,1,1,0,0,1,0,0,0,0,0,0,0,0,1,0,0,0,1,0,0,0,0,0,0,1,0,0
10512,1,False,False,False,3,3.0,39,1.15551955435,1.0,False,1,1,0,0,1,0,0,0,0,0,0,0,0,1,0,0,0,1,0,0,0,0,0,0,1,0,0
10644,2,False,False,False,3,2.0,12,0.697657912499997,2.0,False,1,0,1,0,1,0,0,0,0,0,0,1,0,0,1,0,0,1,0,0,0,0,0,0,1,0,0
10903,2,False,False,True,9,1.0,41,2.470410597,1.0,True,1,0,0,1,0,1,0,0,0,0,0,0,0,0,1,0,1,0,0,0,0,0,1,0,0,1,0
11160,2,False,False,False,3,1.0,48,0.628742386449999,1.0,False,1,0,1,0,0,0,0,0,0,0,0,1,0,0,1,0,0,1,0,0,0,0,0,0,1,1,0
11361,2,False,False,True,1,,17,0.751565556539998,2.0,False,1,1,0,0,1,0,0,0,0,0,0,1,0,0,1,0,0,0,0,0,0,0,0,0,0,0,0
11375,1,False,False,True,2,,55,0.60563123002,2.0,False,1,1,0,0,1,0,0,0,0,0,0,1,0,0,0,0,0,0,0,1,0,0,0,1,0,1,0
11528,1,True,False,True,1,,26,0.785284019879998,1.0,True,1,1,0,0,0,1,0,0,0,0,0,1,0,0,0,0,1,0,0,0,0,0,0,0,0,1,0
11540,2,False,False,False,4,2.0,18,0.62914356385,2.0,True,1,1,0,0,0,1,0,0,0,0,0,1,0,0,1,0,0,0,0,0,0,0,0,1,0,0,0
11541,2,False,False,True,2,,17,0.60563123002,2.0,False,1,1,0,0,1,0,0,0,0,0,0,1,0,1,0,0,0,0,0,1,0,0,0,1,0,1,0
11553,1,False,True,True,2,,55,1.29873526382,2.0,False,1,1,0,0,0,0,0,0,0,0,0,1,0,0,1,0,0,1,0,0,0,0,0,1,0,1,0
11598,1,True,False,True,3,1.0,18,1.16396084965,1.0,False,1,1,0,0,1,0,0,0,0,0,0,0,0,0,1,0,1,0,0,0,0,0,0,0,1,1,0
11616,1,False,False,False,3,2.0,20,0.5204702984,1.0,False,1,1,0,0,1,0,0,0,0,0,0,1,0,1,0,0,0,0,0,0,0,0,0,0,1,1,0
11685,1,True,False,False,1,,18,1.24972638594,1.0,False,1,1,0,0,1,0,0,0,0,0,0,0,0,1,0,0,0,1,0,0,0,0,0,0,0,0,1
11855,1,False,False,True,3,2.0,29,1.5117525788,2.0,False,1,1,0,0,0,1,0,0,0,0,0,1,0,0,0,0,0,0,0,0,0,0,0,0,1,0,0
11950,1,False,False,True,2,,20,0.950521600460002,1.0,True,1,1,0,0,0,1,0,0,0,0,0,1,0,0,0,0,1,0,0,0,0,1,0,1,0,0,0
11962,1,False,False,True,2,,32,0.63054263134,2.0,True,1,0,0,1,0,0,0,0,0,0,0,1,0,0,0,0,0,1,0,0,0,0,0,1,0,1,0
11977,1,False,True,True,2,,41,1.2854131234,2.0,False,1,0,0,1,0,0,0,1,0,0,0,0,0,0,1,0,0,1,0,0,0,0,0,1,0,1,0
11984,1,False,True,True,2,,6,0.51660637742,2.0,True,1,0,0,1,1,0,0,0,0,0,0,1,0,0,0,0,0,0,0,0,0,0,0,1,0,1,0
11987,1,False,False,False,2,,6,0.51660637742,2.0,True,1,0,0,1,1,0,0,0,0,0,0,1,0,0,0,0,0,1,0,0,0,0,0,1,0,1,0
11996,2,True,False,True,1,,12,1.4382182733,1.0,False,1,0,1,0,0,0,0,0,0,0,0,0,0,0,1,0,1,0,0,1,0,0,0,0,0,0,1
12006,2,False,False,False,1,,36,0.583357015859998,1.0,False,1,0,0,0,0,1,0,0,0,0,0,1,0,0,1,0,0,1,0,0,0,0,0,0,0,1,0
12010,2,False,False,False,2,,36,1.08612637014,2.0,False,1,0,0,0,1,0,0,0,0,0,0,1,0,0,0,0,0,1,0,0,0,0,0,1,0,0,1
12022,2,False,False,True,1,,12,0.870802217279999,1.0,False,1,0,1,0,1,0,0,0,0,0,0,1,0,0,0,0,1,0,0,0,0,0,0,0,0,1,0
12029,2,True,False,True,1,,9,1.29826662738,1.0,True,1,0,0,0,1,0,0,0,0,0,0,0,0,0,1,0,0,0,0,0,0,0,0,0,0,0,1
12035,2,False,False,True,2,,24,0.58587780566,2.0,True,1,0,1,0,1,0,0,0,0,0,0,1,0,0,1,0,0,0,0,0,0,0,0,1,0,0,1
12048,2,False,False,False,1,,42,1.17256331658,1.0,True,1,0,0,0,0,1,0,0,0,0,0,0,0,0,0,0,1,0,0,0,0,0,0,0,0,1,0
12049,2,False,False,False,2,,36,0.815331968120002,2.0,False,1,0,0,0,1,0,0,0,0,0,0,1,0,0,1,0,0,0,0,0,0,0,0,1,0,0,0
12065,2,False,True,True,2,,17,0.54433682754,2.0,True,1,1,0,0,0,1,0,0,0,0,0,1,0,0,1,0,0,0,0,1,0,0,0,1,0,1,0
12099,2,True,False,True,1,,47,0.78267052998,1.0,True,1,0,1,0,0,1,0,0,0,0,0,1,0,0,0,0,1,0,0,0,0,0,0,0,0,1,0
12131,2,False,False,False,3,2.0,12,1.83367501945,2.0,True,1,0,1,0,1,0,0,1,0,0,0,1,0,0,1,0,0,1,0,0,0,1,0,0,1,0,0
12132,2,True,False,True,1,,28,1.35739120992,1.0,False,1,0,1,0,1,0,0,0,0,0,0,1,0,0,0,0,0,1,0,0,1,0,0,0,0,0,1
12212,2,True,False,False,1,,1,0.870802217279999,1.0,False,1,0,1,0,1,0,0,0,0,0,0,1,0,0,1,0,1,0,0,0,0,0,0,0,0,1,0
12230,1,False,False,True,3,1.0,17,0.55963313735,1.0,False,1,1,0,0,0,0,0,1,0,0,0,1,0,0,1,0,1,0,0,0,0,0,0,0,1,0,1
12234,2,True,False,False,1,,47,0.749064285,1.0,False,1,0,1,0,1,0,0,0,0,0,0,1,0,0,0,0,0,1,0,0,0,0,0,0,0,0,0
12260,1,False,True,True,4,1.0,36,0.762047884599999,2.0,False,1,0,0,0,0,0,0,1,0,0,0,1,0,0,0,0,1,0,0,1,0,0,0,0,0,0,0
12526,2,False,True,True,3,2.0,42,0.973415143049998,2.0,False,1,0,0,0,1,0,0,0,0,0,0,1,0,0,0,0,0,1,0,0,0,0,0,0,1,0,1
12566,1,False,True,False,3,2.0,1,0.581682093950002,2.0,False,1,0,1,0,1,0,0,0,0,0,0,1,0,0,0,0,0,1,0,1,0,0,0,0,1,0,1
12575,1,False,False,True,2,,40,1.73710076330001,2.0,False,1,0,1,0,1,0,0,0,0,0,0,0,0,0,1,0,0,0,0,0,0,0,0,1,0,0,1
12688,2,False,False,True,1,,18,1.3837018743,1.0,False,1,1,0,0,0,0,0,0,1,0,0,0,0,0,1,0,1,0,0,0,0,0,0,0,0,0,1
12716,1,False,False,False,3,2.0,36,0.973415143049998,2.0,False,1,0,0,0,1,0,0,0,0,0,0,1,0,1,0,0,0,1,0,0,0,0,0,0,1,0,1
12758,1,False,True,True,2,,51,0.649034757460002,2.0,False,1,0,1,0,1,0,0,1,0,0,0,1,0,0,0,0,0,1,0,1,0,0,0,1,0,0,1
12779,1,False,True,True,2,,36,0.58587780566,2.0,True,1,0,0,0,1,0,0,1,0,0,0,1,0,0,0,0,0,1,0,0,0,0,0,1,0,0,1
12813,1,True,False,False,3,1.0,18,1.28874194175,1.0,False,1,1,0,0,1,0,0,0,0,0,0,1,0,0,1,0,1,0,0,0,0,0,0,0,1,0,1
12814,2,True,False,True,1,,12,2.03281218750001,1.0,True,1,0,1,0,0,1,0,0,0,0,0,1,0,0,0,0,1,0,0,0,0,0,1,0,0,0,1
12874,1,False,False,True,1,,45,0.59886952164,1.0,False,1,0,1,0,0,0,0,0,0,0,0,1,0,0,1,0,1,0,0,0,0,0,0,0,0,0,1
12936,1,False,True,True,3,2.0,48,1.1747434418,2.0,False,1,0,1,0,0,1,0,0,0,0,0,1,0,0,0,0,0,0,0,1,0,0,0,0,1,0,1
12959,2,False,False,True,3,1.0,39,1.5117525788,1.0,False,1,1,0,0,0,1,0,0,0,0,0,1,0,0,1,0,1,0,0,0,0,0,0,0,1,0,0
12984,1,False,False,True,2,,39,0.624432763780002,2.0,False,1,1,0,0,1,0,0,0,0,0,0,1,0,0,1,0,0,0,0,0,0,0,0,1,0,0,1
13025,2,True,False,True,1,,12,0.53825945394,1.0,True,1,0,1,0,0,1,0,0,0,0,0,1,0,0,0,0,1,0,0,0,0,0,0,0,0,0,1
13048,2,False,False,True,2,,37,0.778439355,2.0,False,1,0,1,0,0,1,0,0,0,0,0,1,0,0,1,0,0,1,0,0,0,0,0,1,0,0,0
13137,1,True,False,True,1,,39,0.600869263259999,1.0,False,1,1,0,0,1,0,0,0,0,0,0,1,0,0,0,0,1,0,0,0,0,0,0,0,0,0,1
13220,1,False,False,False,3,2.0,39,1.35875192955,2.0,True,1,1,0,0,1,0,0,0,0,0,0,1,0,0,1,0,0,0,0,0,0,0,0,0,1,0,0
13275,1,False,False,True,2,,34,0.732814283800002,2.0,True,1,0,0,0,1,0,0,0,0,0,0,1,0,0,0,0,0,0,0,0,0,0,0,1,0,0,0
13304,2,True,False,False,1,,13,0.93606880734,1.0,False,1,0,1,0,0,0,0,1,0,0,0,0,1,0,0,0,0,1,0,0,0,0,0,0,0,0,1
13317,1,True,False,False,1,,29,1.3837018743,1.0,False,1,1,0,0,0,0,0,0,0,0,0,0,0,0,1,0,0,1,0,0,0,0,0,0,0,0,1
13334,1,False,False,True,4,1.0,36,0.763505380299999,1.0,True,1,0,0,0,1,0,0,0,0,0,0,1,0,0,1,0,1,0,0,0,0,0,0,0,0,1,0
13432,2,False,True,True,2,,13,1.34335238738,2.0,True,1,0,1,0,1,0,0,0,0,0,0,0,0,0,1,0,0,0,0,1,0,0,0,1,0,0,1
13437,1,False,False,False,4,2.0,20,0.8380996235,2.0,True,1,1,0,0,1,0,0,1,0,0,0,1,0,0,1,0,0,1,0,0,0,0,0,1,0,0,1
13554,2,False,False,True,2,,42,1.5654535376,2.0,False,1,0,0,0,0,0,0,0,0,0,0,0,0,0,1,0,0,1,0,1,0,0,0,1,0,0,1
13568,2,False,False,True,3,2.0,13,1.42126415065,2.0,True,1,0,1,0,1,0,0,0,0,0,0,1,0,0,1,0,0,0,0,0,1,0,0,0,1,0,0
13602,1,False,False,True,3,1.0,6,0.829502581400001,1.0,True,1,0,0,1,1,0,0,0,0,0,0,1,0,0,0,0,1,0,0,0,0,0,0,0,1,0,1
13660,2,False,False,True,1,,26,1.0011813621,1.0,False,1,1,0,0,1,0,0,0,0,0,0,1,0,0,1,0,1,0,0,0,0,0,0,0,0,0,1
13663,2,False,False,True,1,,47,0.673253385780002,1.0,True,1,0,1,0,1,0,0,0,0,0,0,1,0,0,1,0,0,1,0,0,0,0,0,0,0,0,0
13664,1,True,False,False,4,1.0,48,2.10801027765,1.0,False,1,0,1,0,1,0,0,0,1,0,0,0,0,0,1,0,1,0,0,0,0,1,0,0,0,0,1
13770,1,False,False,True,1,,22,0.9978493485,1.0,False,1,0,1,0,1,0,0,0,0,0,0,1,0,0,1,0,1,0,0,0,0,0,0,0,0,0,1
13820,2,True,False,True,3,1.0,13,1.0426776167,1.0,True,1,0,1,0,0,1,0,0,0,0,0,0,0,0,0,0,1,0,0,0,0,0,0,0,1,1,0
13860,1,True,False,True,1,,48,0.65240342502,1.0,True,1,0,1,0,0,1,0,0,0,0,0,1,0,0,0,0,1,0,0,0,0,0,0,0,0,0,1
13902,2,False,False,False,1,,24,0.56376920922,1.0,True,1,0,1,0,1,0,0,0,0,0,0,1,0,1,0,0,1,0,0,0,0,0,0,0,0,0,1
13935,2,False,False,True,4,9.0,51,0.944653410449999,2.0,False,1,0,1,0,0,0,0,0,0,0,0,1,0,0,0,1,0,0,1,0,0,1,0,0,1,0,0
13971,2,True,False,True,1,,37,1.61774291532,1.0,False,1,0,1,0,0,0,0,0,0,0,0,1,0,0,0,0,1,0,0,0,0,0,0,0,0,0,0
14054,2,False,False,True,2,,4,2.47987159848001,2.0,True,1,0,0,1,1,0,0,0,0,0,0,1,0,0,0,0,0,1,0,0,0,1,0,1,0,0,0
14072,1,True,False,True,1,,39,0.756662986140002,1.0,False,1,1,0,0,0,1,0,0,0,0,0,1,0,0,0,0,1,0,0,0,0,1,0,0,0,1,0
14076,2,False,False,False,2,,17,1.51608110034,1.0,True,1,1,0,0,1,0,0,0,0,0,0,1,0,0,1,0,0,1,0,0,0,0,0,1,0,0,0
14084,1,False,False,True,1,,48,0.675070772820003,1.0,False,1,0,1,0,0,1,0,0,0,0,0,1,0,0,1,0,1,0,0,0,0,0,0,0,0,1,0
14086,1,True,False,True,3,3.0,19,0.813749505650003,1.0,False,1,1,0,0,1,0,0,0,0,0,0,1,0,0,0,0,0,1,0,0,0,0,0,0,1,1,0
14097,1,False,True,False,3,2.0,29,0.583624444,2.0,False,1,1,0,0,0,0,0,0,0,0,0,1,0,0,0,0,0,1,0,1,0,0,0,0,1,0,1
14098,2,True,False,True,1,,35,0.606748569780002,1.0,True,1,0,0,1,1,0,0,0,0,0,0,1,0,0,1,0,1,0,0,0,0,0,0,0,0,1,0
14114,1,True,False,True,1,,21,0.9978493485,1.0,False,1,0,1,0,1,0,0,0,0,0,0,1,0,0,0,0,1,0,0,0,0,0,0,0,0,0,1
14125,2,True,False,False,1,,37,1.50485798124,1.0,True,1,0,1,0,0,1,0,0,0,0,0,0,0,0,1,0,1,0,0,0,0,1,0,0,0,0,0
14143,2,True,False,True,3,1.0,48,0.607630640950002,1.0,True,1,0,1,0,1,0,0,0,0,0,0,1,0,0,0,0,0,1,0,0,0,0,0,0,1,0,1
14148,2,False,False,False,3,1.0,41,1.02791890025,1.0,True,1,0,0,1,0,1,0,0,0,0,0,0,0,0,1,0,0,1,0,0,0,0,0,0,1,0,0
14275,2,False,True,True,3,2.0,46,1.28874194175,2.0,False,1,1,0,0,1,0,0,0,0,0,0,0,0,0,0,0,0,1,0,0,0,0,0,0,1,0,1
14305,2,False,False,False,2,,1,1.15497141762,2.0,True,1,0,1,0,1,0,0,0,0,0,0,0,0,0,1,0,0,0,0,0,0,0,0,1,0,0,0
14326,2,False,False,False,4,3.0,27,0.69998752815,2.0,False,1,1,0,0,1,0,0,1,0,0,0,1,0,1,0,0,0,1,0,0,0,0,0,0,1,0,0
14409,2,False,True,True,3,2.0,8,0.628742386449999,2.0,False,1,0,0,1,1,0,0,0,0,0,0,1,0,0,0,0,0,1,0,0,0,0,0,0,1,1,0
14443,1,False,True,True,2,,5,0.971986377859998,2.0,True,1,0,1,0,1,0,0,0,0,0,0,1,0,0,0,0,0,1,0,1,0,0,0,1,0,0,1
14485,2,False,False,True,2,,18,0.624432763780002,2.0,False,1,1,0,0,1,0,0,0,0,0,0,1,0,0,0,0,0,1,0,0,0,0,0,1,0,0,1
14504,2,False,False,False,3,2.0,6,0.55389254385,2.0,False,1,0,0,1,1,0,0,0,0,0,0,1,0,1,0,0,0,1,0,0,0,0,0,0,1,0,1
14555,2,True,False,True,1,,8,1.50237647016,1.0,True,1,0,0,1,1,0,0,0,0,0,0,0,0,0,1,0,1,0,0,0,0,0,0,0,0,0,1
14568,2,True,False,True,1,,6,0.53451702294,1.0,True,1,0,0,1,1,0,0,0,0,0,0,1,0,0,0,0,1,0,0,0,0,0,0,0,0,0,1
14599,2,False,False,False,1,,26,1.12324474374,1.0,True,1,1,0,0,1,0,0,0,0,0,0,0,0,0,1,0,0,1,0,0,0,0,0,0,0,0,1
14605,2,False,False,True,3,1.0,18,0.4677948181,2.0,True,1,1,0,0,1,0,0,0,0,0,0,1,0,0,1,0,1,0,0,0,0,0,0,0,1,1,0
14633,1,False,False,True,1,,22,1.37909680176,1.0,False,1,0,1,0,1,0,0,0,0,0,0,0,0,0,1,0,0,1,0,0,0,0,0,0,0,0,1
14647,2,False,False,False,4,2.0,30,1.39589929315,2.0,False,1,0,0,1,0,1,0,1,0,0,0,0,0,0,0,0,0,1,0,0,0,0,0,1,0,0,0
14656,2,False,False,True,3,3.0,55,0.932472837250001,1.0,False,1,1,0,0,1,0,0,0,0,0,0,1,0,0,0,0,0,1,0,0,0,0,0,0,1,0,1
14712,2,True,False,True,4,1.0,53,1.03542804795,1.0,True,1,0,0,1,1,0,0,0,0,0,0,0,0,0,1,0,1,0,0,0,0,0,0,0,0,1,0
14717,2,False,False,False,3,1.0,4,0.565108962049998,2.0,True,1,0,0,1,1,0,0,0,0,0,0,1,0,1,0,0,0,1,0,0,0,0,0,0,1,1,0
14759,2,False,False,False,3,1.0,6,1.09054303135,1.0,False,1,0,0,1,1,0,0,0,0,0,0,1,0,0,1,0,0,1,0,0,0,1,0,0,1,1,0
14780,2,True,False,False,1,,30,0.948644619899998,1.0,True,1,0,0,1,1,0,0,1,0,0,0,1,0,0,1,0,1,0,0,0,0,0,0,0,0,1,0
14836,2,False,False,True,3,2.0,35,1.02909748925,2.0,True,1,0,0,1,0,0,0,1,0,0,0,1,0,0,1,0,0,1,0,0,0,1,0,0,1,0,0
14862,2,False,False,True,3,3.0,22,0.54097628115,2.0,False,1,0,1,0,0,1,0,0,0,0,0,1,0,0,1,0,0,1,0,1,0,0,0,0,1,1,0
14877,2,False,False,False,2,,30,0.701544136460002,2.0,False,1,0,0,1,1,0,0,0,0,0,0,1,0,0,0,0,0,0,0,0,0,0,0,1,0,1,0
14889,2,False,False,True,4,2.0,41,0.805402242299999,2.0,False,1,0,0,1,1,0,0,0,0,0,0,1,0,0,1,0,0,0,0,0,0,0,0,1,0,1,0
14961,1,False,False,False,3,2.0,48,0.65569638685,2.0,False,1,0,1,0,1,0,0,0,0,0,0,1,0,1,0,0,0,1,0,1,0,0,0,0,1,1,0
14962,2,False,True,False,4,1.0,6,1.4024659354,2.0,True,1,0,0,1,1,0,0,0,0,0,0,1,0,0,0,0,1,0,0,1,0,0,0,0,0,0,0
15050,1,False,False,True,1,,48,1.53010814652,1.0,False,1,0,1,0,1,0,0,0,0,1,0,1,0,0,1,0,0,1,0,0,1,0,0,0,0,1,0
15056,2,False,False,True,4,2.0,6,1.82092577435,2.0,True,1,0,0,1,0,1,0,0,0,0,0,1,0,0,0,0,1,0,0,0,0,1,0,1,0,0,0
15062,1,False,True,True,2,,27,0.52196053388,2.0,True,1,1,0,0,1,0,0,0,0,0,0,1,0,0,0,0,0,1,0,0,0,0,0,1,0,1,0
15133,1,False,False,False,2,,5,0.52022340588,2.0,True,1,0,1,0,1,0,0,0,0,0,0,1,0,0,1,0,0,1,0,0,0,0,0,1,0,1,0
15160,2,False,True,False,2,,29,1.05755395778,2.0,False,1,1,0,0,1,0,0,0,0,0,0,1,0,0,1,0,0,0,0,0,0,1,0,1,0,0,0
15167,1,False,False,True,3,2.0,6,0.46299628165,2.0,True,1,0,0,1,1,0,0,0,0,0,0,1,0,0,0,0,0,1,0,0,0,0,0,0,1,1,0
15179,1,False,False,False,3,1.0,41,0.692807210599999,1.0,False,1,0,0,1,1,0,0,0,0,0,0,1,0,0,1,0,1,0,0,0,0,0,0,0,1,0,0
15220,1,False,True,False,3,2.0,5,0.54097628115,2.0,False,1,0,1,0,0,0,0,0,0,0,0,1,0,0,0,0,1,0,0,1,0,0,0,0,1,0,1
15231,2,True,False,False,1,,48,1.49875503054,1.0,False,1,0,1,0,0,1,0,0,0,0,0,0,0,0,0,0,1,0,0,0,0,0,0,0,0,0,0
15247,2,False,True,True,2,,35,1.90935573257999,2.0,True,1,0,0,1,1,0,0,0,0,0,0,0,0,0,0,0,0,1,0,0,0,1,0,1,0,1,0
15264,2,False,True,True,2,,6,1.30278613862,2.0,False,1,0,0,1,1,0,0,0,0,0,0,1,0,0,0,0,0,1,0,0,1,0,0,1,0,1,0
15294,2,False,False,True,2,,48,0.983964435100002,2.0,False,1,0,1,0,0,1,0,0,0,0,0,1,0,0,0,0,0,1,0,1,0,0,0,1,0,0,0
15309,1,True,False,True,4,1.0,48,0.565108962049998,1.0,True,1,0,1,0,0,1,0,0,0,0,0,1,0,0,0,0,1,0,0,0,0,0,0,0,0,1,0
15320,1,False,False,False,4,2.0,6,1.16759135065,4.0,False,1,0,0,1,1,0,0,0,0,1,0,1,0,0,1,0,0,0,0,0,1,0,0,1,0,1,0
15336,1,False,False,True,2,,29,0.54433682754,2.0,True,1,1,0,0,0,1,0,0,0,0,0,1,0,0,1,0,0,0,0,1,0,0,0,1,0,1,0
15340,2,True,False,False,1,,16,0.606748569780002,1.0,True,1,0,0,1,1,0,0,0,0,0,0,1,0,0,1,0,1,0,0,0,0,0,0,0,0,1,0
15354,1,False,True,False,3,3.0,48,0.628742386449999,2.0,False,1,0,1,0,1,0,0,0,0,0,0,1,0,0,1,0,0,0,0,0,0,0,0,0,1,1,0
15358,1,False,False,False,1,,22,0.870802217279999,1.0,False,1,0,1,0,0,0,0,0,0,0,0,1,0,1,0,0,0,0,1,0,0,0,0,0,0,1,0
15369,2,False,False,True,4,1.0,8,0.760022668899998,1.0,True,1,0,0,1,0,1,0,0,0,0,0,1,0,0,1,0,0,1,0,0,0,0,0,0,0,0,0
15370,1,True,False,True,1,,29,1.12324474374,1.0,True,1,1,0,0,0,1,0,0,0,0,0,0,0,0,1,0,1,0,0,0,0,0,0,0,0,1,0
15371,1,False,False,False,3,1.0,53,0.626913288749999,2.0,True,1,0,0,1,1,0,0,0,0,0,0,1,0,0,1,0,0,1,0,0,0,1,0,0,1,1,0
15383,2,False,False,False,2,,6,1.04670580224,2.0,False,1,0,0,1,1,0,0,1,0,0,0,1,0,1,0,0,0,1,0,0,0,1,0,1,0,0,0
15418,1,False,False,False,1,,6,0.55308848118,1.0,False,1,0,0,1,1,0,0,1,0,0,0,1,0,1,0,0,0,1,0,0,0,0,0,0,0,1,0
15429,1,True,False,True,3,1.0,2,0.723889520550001,1.0,True,1,0,0,1,1,0,0,0,0,0,0,1,0,0,0,0,1,0,0,0,0,0,0,0,1,1,0
15455,1,False,True,True,2,,4,0.949915494579999,2.0,False,1,0,0,1,0,0,0,0,0,0,0,1,0,0,0,0,1,0,0,0,0,1,0,1,0,1,0
15467,1,False,False,True,3,2.0,6,0.46299628165,2.0,True,1,0,0,1,1,0,0,0,0,0,0,1,0,0,0,0,0,0,0,0,0,0,0,0,1,1,0
15547,2,False,False,True,2,,4,2.75911459906,2.0,False,1,0,0,1,1,0,0,0,1,0,0,1,0,0,1,0,0,1,0,0,0,1,0,1,0,0,0
15585,2,False,False,False,3,2.0,6,1.07981654145,2.0,True,1,0,0,1,0,0,0,0,0,0,0,0,0,0,1,0,0,1,0,1,0,0,0,0,1,1,0
15590,1,False,False,False,1,,16,0.914069626859998,1.0,False,1,0,0,1,1,0,0,0,0,0,0,1,0,1,0,0,0,1,0,0,0,1,0,0,0,1,0
15593,1,False,False,False,1,,53,0.86474767068,1.0,False,1,0,0,1,1,0,0,0,0,0,0,1,0,0,0,0,1,0,0,0,0,0,0,0,0,1,0
15601,1,False,False,False,9,1.0,6,0.659908725,1.0,True,1,0,0,1,0,1,0,0,0,0,0,1,0,0,1,0,0,1,0,0,0,1,0,0,0,1,0
15609,2,False,False,False,4,1.0,6,1.09054303135,1.0,False,1,0,0,1,0,0,0,1,0,0,0,1,0,0,1,0,0,1,0,0,0,1,0,0,0,1,0
15655,2,False,False,True,2,,8,0.701544136460002,2.0,False,1,0,0,1,0,0,0,0,0,0,0,1,0,0,0,0,0,0,0,0,0,0,0,1,0,1,0
15692,1,False,False,False,2,,6,1.04670580224,2.0,False,1,0,0,1,1,0,0,0,0,0,0,1,0,0,1,0,0,1,0,0,0,1,0,1,0,0,1
15748,1,False,False,False,3,3.0,53,0.805402242299999,2.0,False,1,0,0,1,0,0,0,1,0,0,0,1,0,1,0,0,0,0,0,0,0,0,0,0,1,1,0
15761,2,False,False,False,3,1.0,8,0.565108962049998,1.0,True,1,0,0,1,1,0,0,1,0,0,0,1,0,1,0,0,0,1,0,0,0,0,0,0,1,1,0
15774,1,False,False,True,4,3.0,6,2.02596896165,2.0,False,1,0,0,1,0,0,0,0,0,0,0,1,0,0,1,0,0,0,0,0,0,1,0,0,1,0,0
15993,1,False,False,True,2,,15,1.30278613862,2.0,False,1,0,0,1,0,0,0,0,0,0,0,1,0,0,1,0,0,0,0,0,1,0,0,1,0,1,0
16056,1,False,False,True,2,,6,1.04670580224,2.0,False,1,0,0,1,0,0,0,0,0,0,0,1,0,0,0,0,0,0,0,0,0,1,0,1,0,0,0
16085,1,False,False,True,3,1.0,53,0.723889520550001,1.0,True,1,0,0,1,1,0,0,0,0,0,0,1,0,0,1,0,1,0,0,0,0,0,0,0,1,1,0
16096,1,False,False,True,2,,6,0.574778225539998,2.0,False,1,0,0,1,1,0,0,0,0,0,0,1,0,0,1,0,0,1,0,0,0,0,0,1,0,1,0
16173,2,False,False,False,3,3.0,41,0.805402242299999,2.0,False,1,0,0,1,1,0,0,1,0,0,0,1,0,0,1,0,0,1,0,0,0,0,0,0,1,1,0
16342,2,False,False,False,3,9.0,42,0.54758915325,2.0,True,1,0,0,0,0,0,0,0,0,0,0,1,0,0,1,0,0,1,0,1,0,0,0,0,1,0,1
16395,2,False,False,False,3,2.0,51,1.20104580965,2.0,False,1,0,1,0,0,0,0,0,0,0,0,0,0,0,0,0,0,1,0,1,0,0,0,0,1,0,0
16481,2,True,False,True,1,,37,0.896859544259999,1.0,True,1,0,1,0,1,0,0,0,0,0,0,1,0,0,0,0,1,0,0,0,0,0,0,0,0,0,1
16618,2,False,False,True,2,,51,0.622354600919999,2.0,False,1,0,1,0,1,0,0,0,0,0,0,1,0,0,1,0,0,1,0,0,0,0,0,1,0,0,1
16668,2,True,False,True,1,,10,1.30459841814,1.0,False,1,0,1,0,0,0,0,0,0,0,0,0,0,0,1,0,1,0,0,0,0,0,0,0,0,1,0
17007,2,False,True,False,2,,51,0.55936766782,2.0,True,1,0,1,0,0,1,0,0,0,0,0,1,0,0,1,0,0,0,0,0,0,0,0,1,0,0,1
17032,2,True,False,True,1,,13,1.37909680176,1.0,False,1,0,1,0,1,0,0,0,0,0,0,0,0,0,0,0,1,0,0,0,0,0,0,0,0,0,1
17150,1,True,False,False,1,,12,0.59886952164,1.0,False,1,0,1,0,1,0,0,1,0,0,0,1,0,0,1,0,1,0,0,0,0,0,0,0,0,0,1
17284,1,True,False,True,1,,36,1.04514046938,1.0,False,1,0,0,0,1,0,0,0,0,0,0,1,0,0,0,0,1,0,0,0,0,0,0,0,0,0,1
17315,2,False,False,False,2,,45,0.578802546279999,2.0,False,1,0,1,0,1,0,0,0,0,0,0,1,0,0,1,0,0,1,0,0,0,0,0,1,0,1,0
17330,2,False,True,True,1,,12,0.55696094076,2.0,False,1,0,1,0,1,0,0,0,0,0,0,1,0,0,1,0,0,1,0,0,0,0,0,0,0,1,0
17398,2,False,False,True,3,2.0,13,0.50132007965,2.0,True,1,0,1,0,0,0,0,0,0,0,0,1,0,0,0,0,0,1,0,0,0,0,0,0,1,0,1
17456,2,False,False,False,3,3.0,51,1.1516738907,2.0,False,1,0,1,0,1,0,0,0,0,0,0,0,0,0,1,0,0,1,0,0,0,0,0,0,1,0,0
17494,1,False,False,True,2,,51,0.55936766782,2.0,True,1,0,1,0,1,0,0,0,0,0,0,1,0,0,0,1,0,0,0,0,0,0,0,1,0,0,1
17545,2,False,True,True,2,,42,0.606233761579999,2.0,False,1,0,0,0,1,0,0,0,0,0,0,1,0,0,0,0,0,0,0,0,0,0,0,1,0,1,0
17547,1,True,False,True,1,,36,1.17256331658,1.0,True,1,0,0,0,0,1,0,0,0,0,0,1,0,0,1,0,1,0,0,0,0,0,0,0,0,1,0
17689,2,True,False,False,1,,12,1.11950649372,1.0,True,1,0,1,0,1,0,0,0,0,0,0,0,0,0,1,0,0,0,1,0,0,0,0,0,0,1,0
17710,1,False,False,True,1,,34,1.27783322034,2.0,True,1,0,0,0,1,0,0,1,0,0,0,1,0,0,1,0,0,0,0,0,1,0,0,0,0,0,1
17714,2,False,False,False,3,3.0,13,0.653931158599999,2.0,True,1,0,1,0,0,0,0,0,0,0,0,1,0,0,0,0,0,1,0,1,0,0,0,0,1,0,0
17765,2,False,True,False,2,,12,0.757403543700001,2.0,True,1,0,1,0,0,0,0,0,0,0,0,1,0,0,0,0,0,1,0,0,0,1,0,1,0,0,1
17887,2,False,False,True,2,,12,1.76440226216,2.0,False,1,0,1,0,1,0,0,0,0,0,0,1,0,0,0,0,0,0,0,0,1,0,0,1,0,0,0
17925,1,False,True,True,3,2.0,36,1.20916989805,2.0,True,1,0,0,0,1,0,0,0,0,0,0,0,0,0,0,0,0,1,0,0,0,0,0,0,1,0,1
18011,2,False,False,False,2,,12,0.5425252303,2.0,True,1,0,1,0,1,0,0,0,0,0,0,1,0,0,1,0,0,1,0,1,0,0,0,1,0,1,0
18090,2,False,False,True,3,1.0,25,0.6567675185,1.0,True,1,0,0,0,0,1,0,0,0,0,0,1,0,0,0,0,1,0,0,0,0,0,0,0,1,0,0
18097,2,False,False,True,2,,6,0.644522124400001,2.0,False,1,0,0,1,1,0,0,0,0,0,0,1,0,0,1,0,1,0,0,1,0,0,0,1,0,0,1
18117,2,False,False,True,3,3.0,8,0.628742386449999,2.0,False,1,0,0,1,1,0,0,0,0,0,0,1,0,0,0,0,0,0,0,0,0,0,0,0,1,1,0
18135,2,False,False,True,1,,36,0.56376920922,2.0,True,1,0,0,0,1,0,0,0,0,0,0,1,0,1,0,0,0,1,0,0,0,0,0,0,0,0,1
18153,2,True,False,True,3,1.0,51,0.5187381311,1.0,False,1,0,1,0,1,0,0,0,0,0,0,1,0,0,1,0,1,0,0,0,0,0,0,0,1,1,0
18176,1,False,False,False,2,,24,1.50110174956,1.0,False,1,0,1,0,1,0,0,1,0,0,0,0,0,1,0,0,0,1,0,0,0,0,0,1,0,0,1
18177,2,False,False,False,3,2.0,50,3.21495504,2.0,True,1,0,0,0,0,0,0,0,0,0,0,1,0,0,1,0,0,0,0,0,1,0,0,0,1,0,0
18185,1,False,False,True,2,,42,0.651849881080001,2.0,False,1,0,0,0,1,0,0,0,0,0,0,1,0,0,0,0,0,0,0,0,0,0,0,1,0,0,1
18221,2,False,False,True,1,,17,3.30666015359999,2.0,True,1,1,0,0,0,0,0,0,0,0,0,1,0,0,1,0,0,0,0,0,1,0,0,0,0,0,0
18229,2,False,False,False,3,2.0,17,0.932472837250001,2.0,False,1,1,0,0,1,0,0,0,0,0,0,1,0,1,0,0,0,1,0,0,0,0,0,0,1,0,1
18258,1,True,False,True,1,,42,0.62725177236,1.0,False,1,0,0,0,1,0,0,0,0,0,0,1,0,0,1,0,1,0,0,0,0,0,0,0,0,0,1
18268,2,False,True,True,3,2.0,47,0.573411825250001,2.0,False,1,0,1,0,0,0,0,0,0,0,0,1,0,0,0,0,0,0,0,0,0,0,1,0,1,1,0
18291,1,False,False,False,3,2.0,23,1.3453270397,2.0,False,1,0,0,0,1,0,0,0,0,0,0,0,0,0,0,0,0,1,0,0,0,0,0,0,1,0,1
18337,2,False,False,True,2,,8,0.848025293720001,2.0,True,1,0,0,1,1,0,0,0,0,0,0,1,0,0,1,0,0,0,0,0,0,0,0,1,0,0,0
18339,2,False,False,True,4,1.0,29,0.5204702984,1.0,False,1,1,0,0,0,1,0,0,0,0,0,1,0,0,0,0,0,1,0,0,0,0,0,0,0,1,0
18350,2,False,False,True,9,1.0,17,0.769886294,1.0,True,1,1,0,0,1,0,0,0,0,0,0,1,0,0,1,0,1,0,0,0,0,0,0,0,0,1,0
18355,2,False,True,True,2,,6,0.55547847482,2.0,True,1,0,0,1,1,0,0,0,0,0,0,1,0,0,1,0,0,0,0,0,0,0,0,1,0,0,1
18364,2,True,False,True,1,,24,0.939364449780002,1.0,True,1,0,1,0,0,1,0,0,0,0,0,1,0,0,0,0,1,0,0,0,0,0,0,0,0,0,1
18366,2,False,False,False,2,,6,0.959756957519998,2.0,True,1,0,0,1,1,0,0,0,0,0,0,0,1,0,0,0,0,1,0,0,0,0,1,1,0,1,0
18438,2,True,False,True,3,2.0,42,0.889286375899998,1.0,True,1,0,0,0,0,1,0,0,0,0,0,1,0,0,1,0,0,1,0,0,0,1,0,0,1,0,0
18447,2,False,False,False,4,9.0,6,0.622689946899998,2.0,True,1,0,0,1,0,0,0,0,0,0,0,1,0,0,0,0,0,0,0,0,0,0,0,0,1,0,0
18467,2,False,True,True,2,,8,1.56129319448,2.0,True,1,0,0,1,1,0,0,0,0,0,0,0,0,0,0,0,0,0,0,0,0,0,0,1,0,0,1
18468,2,False,False,False,2,,6,0.773026992879998,2.0,False,1,0,0,1,0,0,0,0,0,0,0,1,0,1,0,0,0,0,0,0,0,0,0,1,0,0,0
18494,2,True,False,True,3,1.0,30,1.64140957345,1.0,True,1,0,0,1,1,0,0,0,0,0,0,1,0,0,1,0,1,0,0,0,0,0,0,0,1,0,0
18509,2,False,False,True,2,,34,1.58264803186,2.0,True,1,0,0,0,0,0,0,0,0,0,0,1,0,0,0,0,0,0,0,0,0,0,0,1,0,0,0
18513,2,False,False,True,4,1.0,6,0.49783448215,1.0,True,1,0,0,1,0,0,0,0,0,0,0,1,0,0,1,0,1,0,0,0,0,0,0,0,0,0,1
18526,2,False,False,True,3,3.0,55,0.62914356385,1.0,True,1,1,0,0,0,1,0,0,0,0,0,1,0,0,0,0,0,1,0,0,0,0,0,0,1,0,0
18549,2,False,False,True,3,2.0,6,0.626913288749999,2.0,True,1,0,0,1,1,0,0,0,0,0,0,1,0,1,0,0,0,1,0,0,0,1,0,0,1,1,0
18575,2,False,False,True,4,2.0,17,0.62914356385,1.0,True,1,1,0,0,1,0,0,0,1,0,0,1,0,0,1,0,1,0,0,0,0,0,0,1,0,0,0
18590,2,False,False,False,4,1.0,9,0.735678106650003,1.0,False,1,0,0,0,0,1,0,0,0,0,0,1,0,0,0,0,1,0,0,0,0,1,0,0,0,1,0
18600,2,False,True,True,2,,28,1.34990406718,2.0,False,1,0,1,0,0,1,0,0,0,0,0,0,0,0,1,0,1,0,0,1,0,0,0,1,0,1,0
18608,2,False,True,True,2,,21,1.34335238738,2.0,True,1,0,1,0,0,0,0,0,0,0,0,0,0,0,0,0,0,1,0,1,0,0,0,1,0,0,1
18612,2,False,False,False,3,1.0,48,0.883541557749999,1.0,True,1,0,1,0,1,0,0,0,0,0,0,1,0,0,1,0,1,0,0,0,0,0,0,0,1,1,0
18614,2,False,False,True,3,2.0,15,0.49783448215,2.0,True,1,0,0,1,1,0,0,0,0,0,0,1,0,0,1,0,0,0,0,0,0,0,0,0,1,0,1
18636,2,False,False,True,3,1.0,6,1.82092577435,1.0,True,1,0,0,1,0,1,0,0,0,0,0,1,0,0,1,0,1,0,0,0,0,1,0,0,1,0,0
18645,1,False,False,True,2,,36,1.50110174956,2.0,False,1,0,0,0,1,0,0,0,0,0,0,0,0,0,1,0,1,0,0,0,0,0,0,1,0,0,1
18652,2,False,False,False,3,2.0,15,0.46299628165,2.0,True,1,0,0,1,0,0,0,0,0,0,0,1,0,0,0,0,0,0,0,0,0,0,0,0,1,1,0
18670,2,False,False,True,3,2.0,39,0.48784904355,2.0,True,1,1,0,0,0,1,0,0,0,0,0,1,0,0,1,0,0,1,0,1,0,0,0,0,1,1,0
18671,2,False,False,False,3,1.0,25,0.763505380299999,1.0,True,1,0,0,0,1,0,0,0,0,0,0,1,0,0,1,0,1,0,0,0,0,0,0,0,1,1,0
18680,2,True,False,True,1,,26,1.11509872998,1.0,True,1,1,0,0,0,1,0,0,0,0,0,1,0,0,1,0,1,0,0,0,0,0,0,0,0,0,0
18692,2,False,True,True,2,,17,0.54433682754,2.0,True,1,1,0,0,0,0,0,1,0,0,0,1,0,0,0,0,0,0,0,1,0,0,0,1,0,1,0
18707,2,False,False,True,2,,9,0.58587780566,2.0,True,1,0,0,0,1,0,0,0,0,0,0,1,0,0,1,0,0,0,0,0,0,0,0,1,0,0,1
18713,2,True,False,True,1,,17,0.8998543326,1.0,True,1,1,0,0,1,0,0,0,0,0,0,1,0,0,0,0,1,0,0,0,0,0,0,0,0,0,1
18715,2,False,False,False,2,,42,0.632222823559998,2.0,False,1,0,0,0,1,0,0,0,0,0,0,1,0,1,0,0,0,1,0,1,0,0,0,1,0,0,1
18718,2,False,False,True,3,3.0,9,0.796236629,2.0,True,1,0,0,0,0,0,0,0,0,0,0,1,0,0,1,0,0,1,0,1,0,0,0,0,1,1,0
18763,2,False,False,True,3,3.0,6,0.511794925,2.0,True,1,0,0,1,1,0,0,0,0,0,0,1,0,0,0,0,0,1,0,0,0,0,1,0,1,1,0
18773,2,False,True,True,2,,36,0.651849881080001,2.0,False,1,0,0,0,1,0,0,0,0,0,0,1,0,0,1,0,0,1,0,0,0,0,0,1,0,0,1
18799,2,False,False,True,3,1.0,26,0.62914356385,1.0,True,1,1,0,0,0,1,0,0,0,0,0,1,0,0,0,0,1,0,0,0,0,0,0,0,1,0,0
18848,2,False,True,True,2,,48,1.02139197934,2.0,False,1,0,1,0,1,0,0,0,0,0,0,1,0,0,0,0,1,0,0,0,0,1,0,1,0,0,1
18868,2,False,True,True,2,,25,0.606233761579999,2.0,False,1,0,0,0,1,0,0,0,0,0,0,1,0,0,0,0,0,1,0,0,0,0,0,1,0,1,0
18889,2,False,False,False,3,2.0,26,0.62914356385,2.0,True,1,1,0,0,1,0,0,0,0,0,0,1,0,1,0,0,0,0,0,0,0,0,0,0,1,0,0
18895,2,False,False,True,2,,36,0.606233761579999,2.0,False,1,0,0,0,1,0,0,0,0,0,0,1,0,0,1,0,0,0,0,0,0,0,0,1,0,1,0
18897,2,False,False,True,3,1.0,17,0.4677948181,1.0,True,1,1,0,0,1,0,0,0,0,0,0,1,0,0,1,0,1,0,0,0,0,0,0,0,1,1,0
18912,1,False,False,False,1,,36,0.62725177236,1.0,False,1,0,0,0,0,0,1,0,0,0,0,1,0,1,0,0,1,0,0,0,0,0,0,0,0,0,1
18959,2,False,False,False,2,,6,0.61802746998,2.0,False,1,0,0,1,0,0,0,0,0,0,0,1,0,0,1,0,0,0,0,0,0,0,0,1,0,0,1
18961,2,False,True,False,2,,45,1.34335238738,2.0,True,1,0,1,0,1,0,0,0,0,0,0,0,0,0,0,0,0,0,0,1,0,0,0,1,0,0,1
18969,2,False,False,False,4,2.0,42,0.730722046899998,2.0,False,1,0,0,0,0,0,0,0,0,0,0,1,0,1,0,0,0,0,0,0,0,0,0,1,0,0,0
18996,2,False,False,True,3,2.0,19,1.4062635737,2.0,True,1,1,0,0,0,0,0,1,0,0,0,0,0,0,1,0,0,1,0,0,0,1,0,0,1,0,0
19013,2,False,True,True,2,,6,0.644522124400001,2.0,False,1,0,0,1,1,0,0,0,0,0,0,1,0,0,0,0,0,1,0,1,0,0,0,1,0,0,1
19026,2,False,True,True,2,,21,1.43317902928,2.0,False,1,0,1,0,0,0,0,0,0,0,0,0,0,0,0,0,0,1,0,0,0,0,0,1,0,0,1
19105,2,False,False,False,2,,6,1.1709344537,2.0,True,1,0,0,1,1,0,0,0,0,0,0,1,0,0,1,0,0,0,0,0,1,0,0,1,0,1,0
19112,1,False,False,True,1,,34,0.583357015859998,1.0,False,1,0,0,0,1,0,0,0,0,0,0,1,0,0,0,0,1,0,0,0,0,0,0,0,0,1,0
19125,2,False,False,False,2,,17,0.58073528032,2.0,False,1,1,0,0,1,0,0,0,0,0,0,1,0,0,0,0,0,1,0,0,0,0,0,1,0,1,0
19131,2,True,False,True,1,,19,0.873709995539998,1.0,False,1,1,0,0,0,1,0,0,0,0,0,1,0,0,1,0,1,0,0,0,0,0,0,0,0,1,0
19155,2,False,False,True,1,,6,1.44390571986,1.0,True,1,0,0,1,1,0,0,0,0,0,0,1,0,0,0,0,1,0,0,0,0,0,0,0,0,0,0
19173,1,False,False,True,2,,27,0.56123550548,2.0,True,1,1,0,0,1,0,0,0,0,0,0,1,0,0,0,0,0,0,0,0,0,0,0,1,0,0,1
19180,1,False,False,False,2,,20,1.4379646929,2.0,False,1,1,0,0,0,1,0,0,0,0,0,0,0,0,1,0,1,0,0,0,0,0,0,1,0,0,1
19184,2,False,False,False,1,,6,2.17525088514,1.0,False,1,0,0,1,1,0,0,1,0,0,0,1,0,0,1,0,0,0,0,0,0,1,0,0,0,0,0
19188,2,False,False,False,4,3.0,6,0.839929598049998,2.0,False,1,0,0,1,1,0,0,0,0,0,0,1,0,0,0,0,0,1,0,1,0,0,0,0,1,1,0
19191,2,True,False,True,1,,22,1.15903244742,1.0,True,1,0,1,0,0,1,0,1,0,0,0,0,0,0,1,0,1,0,0,1,0,0,0,0,0,0,0
19204,2,False,False,True,4,2.0,42,0.4883343957,2.0,True,1,0,0,0,0,1,0,0,0,0,0,1,0,0,1,0,0,0,0,0,0,0,0,1,0,1,0
19218,1,False,False,True,1,,19,0.600869263259999,1.0,False,1,1,0,0,0,1,0,0,0,0,0,1,0,0,1,0,0,1,0,0,0,0,0,0,0,0,1
19231,2,False,False,False,4,2.0,47,0.627049722049998,2.0,True,1,0,1,0,0,0,0,0,0,0,0,1,0,0,1,0,0,0,0,0,0,0,0,1,0,0,0
19247,2,False,False,False,3,2.0,16,0.628742386449999,2.0,False,1,0,0,1,1,0,0,1,0,0,0,1,0,0,1,0,0,1,0,0,0,0,0,0,1,1,0
19283,1,False,False,False,1,,29,0.600869263259999,1.0,False,1,1,0,0,1,0,0,1,0,0,0,1,0,1,0,0,0,1,0,0,0,0,0,0,0,0,1
19397,2,True,False,True,1,,21,1.37909680176,1.0,False,1,0,1,0,1,0,0,0,0,0,0,0,0,0,0,0,1,0,0,0,0,0,0,0,0,0,1
19402,2,False,False,False,3,1.0,15,1.04942238775,1.0,True,1,0,0,1,0,0,0,0,0,0,0,1,0,0,0,0,0,0,0,0,1,0,0,0,1,0,1
19410,1,False,False,True,2,,39,0.70199176598,2.0,True,1,1,0,0,0,1,0,0,0,0,0,1,0,0,1,0,0,0,0,0,0,0,0,1,0,0,0
19412,1,False,False,True,1,,39,0.8998543326,1.0,True,1,1,0,0,1,0,0,0,0,0,0,1,0,0,0,0,1,0,0,0,0,0,0,0,0,0,1
19447,1,False,False,True,3,2.0,55,0.55963313735,2.0,False,1,1,0,0,1,0,0,0,0,0,0,1,0,0,0,0,0,0,0,0,0,0,0,0,1,0,1
19458,1,True,False,True,1,,18,0.600869263259999,1.0,False,1,1,0,0,1,0,0,0,0,0,0,1,0,0,0,0,0,1,0,0,0,0,0,0,0,0,1
19469,2,True,False,True,1,,18,1.12324474374,1.0,True,1,1,0,0,0,1,0,0,0,0,0,1,0,0,0,0,1,0,0,0,0,0,0,0,0,1,0
19474,1,False,False,True,3,3.0,29,0.8380996235,2.0,True,1,1,0,0,0,0,0,0,0,0,0,1,0,0,0,0,0,1,0,0,0,0,0,0,1,0,1
19495,1,True,False,False,1,,55,1.0011813621,1.0,False,1,1,0,0,1,0,0,0,0,0,0,1,0,0,1,0,1,0,0,0,0,0,0,0,0,0,1
19506,1,False,True,True,2,,26,0.624432763780002,2.0,False,1,1,0,0,1,0,0,0,0,0,0,1,0,0,1,0,0,1,0,0,0,0,0,1,0,0,1
19623,2,False,False,False,4,2.0,17,0.762746536449999,2.0,True,1,1,0,0,1,0,0,0,0,0,0,1,0,1,0,0,0,0,0,1,0,0,0,1,0,1,0
19627,2,False,False,False,3,2.0,48,0.628742386449999,2.0,False,1,0,1,0,1,0,0,1,0,0,0,1,0,1,0,0,0,0,0,0,0,0,0,0,1,1,0
19710,1,False,False,True,2,,31,0.58073528032,1.0,False,1,1,0,0,1,0,0,0,0,0,0,1,0,0,1,0,1,0,0,0,0,0,0,1,0,1,0
19732,2,False,False,False,2,,19,1.29873526382,2.0,False,1,1,0,0,1,0,0,0,0,0,0,0,0,0,0,0,0,0,0,0,0,0,0,1,0,1,0
19743,2,True,False,True,1,,48,0.948644619899998,1.0,True,1,0,1,0,1,0,0,0,0,0,0,1,0,0,0,0,1,0,0,0,0,0,0,0,0,1,0
19769,2,False,False,False,1,,8,1.00360341126,1.0,False,1,0,0,1,1,0,0,0,0,0,0,1,0,0,1,0,0,0,1,0,0,0,1,0,0,0,0
19834,2,True,False,True,1,,28,1.11950649372,1.0,True,1,0,1,0,1,0,0,0,0,0,0,0,0,0,0,0,1,0,0,0,0,0,0,0,0,1,0
19840,1,False,False,False,4,2.0,29,0.813749505650003,2.0,False,1,1,0,0,1,0,0,0,0,0,0,1,0,0,1,0,1,0,0,0,0,0,0,1,0,1,0
19877,1,False,False,True,1,,55,0.785284019879998,1.0,True,1,1,0,0,0,1,0,0,0,0,0,1,0,0,1,0,0,1,0,0,0,0,0,0,0,1,0
19948,2,False,False,False,4,2.0,1,1.3542298925,2.0,True,1,0,1,0,1,0,0,0,0,0,0,1,0,1,0,0,0,0,0,0,0,0,0,1,0,0,0
20039,2,False,True,True,2,,17,0.907973132619999,2.0,False,1,1,0,0,1,0,0,0,0,0,0,1,0,0,0,0,0,0,0,0,0,0,0,1,0,1,0
20060,1,False,True,False,2,,27,0.52196053388,2.0,True,1,1,0,0,1,0,0,0,0,0,0,1,0,0,1,0,0,1,0,0,0,0,0,1,0,1,0
20127,2,False,False,True,2,,28,0.729649503279999,2.0,True,1,0,1,0,1,0,0,0,0,0,0,1,0,0,1,0,0,1,0,1,0,0,0,1,0,0,0
20148,1,False,True,True,2,,17,0.9468976714,2.0,False,1,1,0,0,0,0,0,0,0,0,0,1,0,0,0,0,0,1,0,1,0,0,0,1,0,1,0
20250,2,True,False,True,3,1.0,19,1.04615932015,1.0,True,1,1,0,0,1,0,0,0,0,0,0,1,0,0,1,0,1,0,0,0,0,0,0,0,1,1,0
20373,2,False,False,True,2,,48,0.63054263134,2.0,True,1,0,1,0,1,0,0,0,0,0,0,1,0,0,1,0,0,0,0,0,0,0,0,1,0,1,0
20374,2,True,False,True,1,,1,0.50059233396,1.0,True,1,0,1,0,0,1,0,0,0,0,0,1,0,0,0,0,1,0,0,0,0,0,0,0,0,1,0
20396,2,False,False,False,3,1.0,22,1.03511589315,1.0,True,1,0,1,0,0,1,0,0,0,0,0,0,0,0,0,0,0,1,0,0,0,0,0,0,1,0,0
20480,1,False,False,False,1,,1,0.55696094076,1.0,False,1,0,1,0,1,0,0,0,0,0,0,1,0,0,0,0,1,0,0,0,0,0,0,0,0,1,0
20514,2,False,False,False,3,1.0,46,1.04615932015,1.0,True,1,1,0,0,0,1,0,0,0,0,0,0,0,1,0,0,1,0,0,0,0,0,0,0,1,1,0
20516,2,False,False,True,1,,48,1.82398004357999,1.0,True,1,0,1,0,0,1,0,0,0,0,0,0,0,0,1,0,1,0,0,0,0,1,0,0,0,0,0
20573,1,False,False,True,2,,47,1.08143575142,2.0,False,1,0,1,0,1,0,0,0,0,0,0,1,0,0,1,0,0,0,1,1,0,0,0,1,0,0,1
20602,2,False,True,True,3,2.0,35,0.628742386449999,2.0,False,1,0,0,1,0,0,0,0,0,0,0,1,0,0,0,0,0,0,0,0,0,0,0,0,1,1,0
20610,2,False,False,False,2,,36,1.1039882298,2.0,False,1,0,0,0,0,0,0,0,0,0,0,1,0,0,1,0,0,0,0,0,0,1,0,1,0,0,0
20611,1,False,False,False,1,,1,0.59886952164,1.0,False,1,0,1,0,1,0,0,0,0,0,0,1,0,1,0,0,0,1,0,0,0,0,0,0,0,0,1
20621,1,False,True,False,3,2.0,48,0.883541557749999,1.0,True,1,0,1,0,0,0,0,0,0,0,0,1,0,1,0,0,0,1,0,0,0,0,0,0,1,1,0
20631,2,True,False,True,3,1.0,6,0.829502581400001,1.0,True,1,0,0,1,0,1,0,0,0,0,0,1,0,0,0,0,0,1,0,0,0,0,0,0,1,0,1
20641,2,False,False,True,3,2.0,32,0.851339358349997,2.0,False,1,0,0,1,1,0,0,0,0,0,0,1,0,0,0,0,1,0,0,0,0,1,0,0,1,1,0
20669,1,False,False,False,3,3.0,53,1.2755223108,2.0,False,1,0,0,1,0,0,0,0,0,0,0,0,0,1,0,0,0,1,0,0,0,0,0,0,1,0,1
20671,2,False,False,True,4,2.0,47,0.7275663008,2.0,False,1,0,1,0,1,0,0,0,0,0,0,1,0,0,1,0,0,0,0,1,0,0,0,1,0,0,0
20683,2,True,False,True,1,,48,0.725866539239998,1.0,False,1,0,1,0,0,1,0,0,0,0,0,1,0,0,0,0,1,0,0,0,0,0,0,0,0,0,1
20688,1,False,False,True,2,,35,1.52962392004,2.0,True,1,0,0,1,0,0,0,1,0,0,0,1,0,0,1,0,1,0,0,0,0,1,0,1,0,0,1
20713,1,False,False,False,3,1.0,32,1.12645274635,1.0,False,1,0,0,1,1,0,0,0,0,0,0,1,0,0,1,0,0,1,0,0,0,0,0,0,1,0,1
20718,1,False,True,False,3,2.0,6,0.49783448215,2.0,True,1,0,0,1,1,0,0,0,0,0,0,1,0,0,0,1,0,1,0,0,0,0,0,0,1,0,1
20720,1,True,False,True,1,,6,1.23090371292,1.0,True,1,0,0,1,1,0,0,0,0,0,0,1,0,0,0,0,1,0,0,0,0,0,0,0,0,0,1
20728,1,False,False,True,1,,53,1.36950816528,2.0,False,1,0,0,1,0,1,0,0,0,0,0,0,0,0,1,0,1,0,0,0,0,0,0,0,0,0,1
20733,2,True,False,True,1,,53,0.835482012239998,1.0,True,1,0,0,1,1,0,0,0,0,0,0,1,0,0,0,0,1,0,0,0,0,0,0,0,0,0,1
20742,2,False,False,False,4,9.0,53,0.723889520550001,1.0,True,1,0,0,1,0,1,0,0,0,0,0,1,0,0,0,0,0,1,0,0,0,0,0,0,1,1,0
20744,1,False,False,True,2,,6,1.27917444676,2.0,True,1,0,0,1,0,0,0,0,0,0,0,0,0,0,1,0,0,0,0,0,0,0,0,1,0,0,1
20763,1,True,False,True,1,,4,1.6715497911,1.0,False,1,0,0,1,0,1,0,0,0,0,0,0,0,0,0,0,0,1,0,0,0,0,0,0,0,0,1
20766,2,False,False,True,3,1.0,48,0.607630640950002,1.0,True,1,0,1,0,0,1,0,0,0,0,0,1,0,0,0,0,1,0,0,0,0,0,0,0,1,0,1
20773,2,False,False,True,3,1.0,4,0.628742386449999,1.0,False,1,0,0,1,1,0,0,0,0,0,0,1,0,0,0,0,1,0,0,0,0,0,0,0,1,1,0
20776,1,False,True,True,2,,6,1.42321436784,2.0,False,1,0,0,1,1,0,0,0,0,0,0,1,0,0,1,0,0,1,0,0,0,0,0,1,0,0,1
20778,2,False,False,True,4,3.0,34,1.0841731892,1.0,True,1,0,0,0,1,0,0,0,1,0,0,0,0,0,1,0,0,1,0,0,0,0,0,0,1,0,1
20786,1,True,False,True,1,,53,2.51981880894,1.0,True,1,0,0,1,1,0,0,0,0,0,0,1,0,0,1,0,1,0,0,0,1,0,0,0,0,1,0
20787,1,True,False,True,1,,6,0.86474767068,1.0,False,1,0,0,1,1,0,0,0,0,0,0,1,0,0,0,0,1,0,0,0,0,0,0,0,0,1,0
20789,1,False,False,True,2,,6,1.02977073768,2.0,False,1,0,0,1,1,0,0,0,0,0,0,1,0,0,0,0,0,0,0,0,0,0,0,1,0,0,1
20791,1,False,True,True,2,,6,0.61802746998,2.0,False,1,0,0,1,1,0,0,0,0,0,0,1,0,0,0,0,0,1,0,0,0,0,0,1,0,0,1
